customer_id,industry,region,business_size,annual_revenue,avg_balance,employees,customer_age_years
CUST00001,Retail,Makassar,Small,2962284658.0,190633633.0,35,4
CUST00002,Hospitality,Semarang,Medium,13790620333.0,823238772.0,56,1
CUST00003,Education,Medan,Small,1865317183.0,200388259.0,24,5
CUST00004,Agriculture,Bandung,Medium,36189851754.0,3912724067.0,242,11
CUST00005,Manufacturing,Makassar,Small,1764506687.0,227519107.0,21,11
CUST00006,Manufacturing,Yogyakarta,Medium,11903385120.0,953759066.0,299,8
CUST00007,Manufacturing,Jakarta,Medium,8950911008.0,347028708.0,163,8
CUST00008,Technology,Makassar,Small,1884221380.0,118404408.0,34,5
CUST00009,Agriculture,Yogyakarta,Small,2072282018.0,305870184.0,39,14
CUST00010,Healthcare,Medan,Small,2020933647.0,205227891.0,45,10
CUST00011,Manufacturing,Medan,Medium,32577100540.0,3751854180.0,82,2
CUST00012,Hospitality,Jakarta,Medium,18777112455.0,579892429.0,111,12
CUST00013,Technology,Surabaya,Small,1361441895.0,125504096.0,47,6
CUST00014,Wholesale,Jakarta,Small,2325450740.0,80236048.0,31,1
CUST00015,Wholesale,Semarang,Small,2007180714.0,197321170.0,41,7
CUST00016,Wholesale,Makassar,Medium,9973150478.0,1401152863.0,84,11
CUST00017,Wholesale,Bandung,Small,5352250645.0,782554149.0,8,4
CUST00018,Construction,Surabaya,Large,131582265071.0,12482725402.0,2992,5
CUST00019,Retail,Jakarta,Small,1493520275.0,126926188.0,20,6
CUST00020,Wholesale,Yogyakarta,Medium,11295690726.0,1619825221.0,172,11
CUST00021,Agriculture,Surabaya,Small,1216208445.0,134796249.0,30,1
CUST00022,Manufacturing,Makassar,Small,2843766353.0,107459997.0,40,9
CUST00023,Wholesale,Surabaya,Medium,17984951433.0,1544674770.0,132,10
CUST00024,Retail,Makassar,Medium,18182834284.0,1069685272.0,74,4
CUST00025,Construction,Jakarta,Large,123821484316.0,10695268740.0,1578,8
CUST00026,Education,Makassar,Small,3704380842.0,313597578.0,30,5
CUST00027,Wholesale,Surabaya,Small,1189003681.0,118730788.0,26,11
CUST00028,Construction,Yogyakarta,Medium,13171986174.0,959084701.0,61,8
CUST00029,Agriculture,Medan,Medium,9270813354.0,460874882.0,112,1
CUST00030,Manufacturing,Surabaya,Small,2985029204.0,269984943.0,48,8
CUST00031,Agriculture,Makassar,Small,876466896.0,113611448.0,40,11
CUST00032,Wholesale,Medan,Small,1974883563.0,216608127.0,47,13
CUST00033,Manufacturing,Makassar,Medium,13923283810.0,983041534.0,228,11
CUST00034,Logistics,Yogyakarta,Small,1305747560.0,185759255.0,6,4
CUST00035,Hospitality,Makassar,Small,1508870965.0,210434551.0,21,2
CUST00036,Technology,Jakarta,Small,2013889088.0,111009207.0,44,11
CUST00037,Wholesale,Bandung,Small,3073879828.0,106756185.0,42,6
CUST00038,Manufacturing,Surabaya,Small,1256532606.0,149473406.0,25,2
CUST00039,Healthcare,Bandung,Small,1359129889.0,175753478.0,13,5
CUST00040,Construction,Makassar,Small,3318993843.0,485050199.0,17,2
CUST00041,Manufacturing,Yogyakarta,Medium,15096456915.0,2064898922.0,88,3
CUST00042,Construction,Surabaya,Small,1409527600.0,143862268.0,20,11
CUST00043,Manufacturing,Makassar,Small,2776122970.0,259862546.0,20,6
CUST00044,Logistics,Medan,Medium,13368236042.0,445709371.0,229,1
CUST00045,Wholesale,Semarang,Medium,27791620750.0,1656346514.0,53,6
CUST00046,Healthcare,Makassar,Small,1483602143.0,126334316.0,48,3
CUST00047,Retail,Bandung,Small,1861401368.0,196229803.0,12,7
CUST00048,Construction,Surabaya,Small,3059906714.0,296413837.0,47,2
CUST00049,Construction,Bandung,Medium,36726001212.0,4374666067.0,278,14
CUST00050,Wholesale,Surabaya,Large,54503821108.0,3464918644.0,913,6
CUST00051,Hospitality,Makassar,Medium,31184506460.0,3049667383.0,154,8
CUST00052,Education,Jakarta,Medium,11963631923.0,485449120.0,115,1
CUST00053,Logistics,Medan,Medium,13114017144.0,1044398527.0,236,11
CUST00054,Logistics,Makassar,Small,1100213072.0,132046803.0,7,11
CUST00055,Agriculture,Bandung,Small,2529841967.0,286398608.0,34,13
CUST00056,Logistics,Semarang,Medium,26382886878.0,3927808439.0,65,9
CUST00057,Manufacturing,Semarang,Large,106016459701.0,6715817794.0,1516,5
CUST00058,Wholesale,Yogyakarta,Small,2062489944.0,185175949.0,11,5
CUST00059,Manufacturing,Surabaya,Medium,20854207560.0,1450277704.0,299,13
CUST00060,Retail,Bandung,Small,3220270059.0,266871424.0,23,12
CUST00061,Retail,Yogyakarta,Small,2191603582.0,291119504.0,49,5
CUST00062,Wholesale,Bandung,Small,1759517836.0,197250904.0,44,6
CUST00063,Technology,Surabaya,Small,1642135879.0,223154677.0,26,2
CUST00064,Retail,Makassar,Medium,4522661539.0,246129270.0,210,6
CUST00065,Wholesale,Makassar,Small,2402989143.0,323930948.0,27,14
CUST00066,Construction,Semarang,Medium,6780033493.0,252023831.0,115,11
CUST00067,Manufacturing,Makassar,Medium,13551600855.0,1851581158.0,174,4
CUST00068,Technology,Makassar,Large,82011719913.0,5698900393.0,619,8
CUST00069,Manufacturing,Jakarta,Small,1045484331.0,70832103.0,37,13
CUST00070,Hospitality,Semarang,Small,1820103788.0,166449637.0,18,11
CUST00071,Education,Yogyakarta,Small,1062998050.0,151884162.0,20,9
CUST00072,Wholesale,Medan,Large,82657199827.0,2953652852.0,995,9
CUST00073,Manufacturing,Jakarta,Large,83254726175.0,6016628991.0,629,8
CUST00074,Technology,Yogyakarta,Small,1731703817.0,229950592.0,11,3
CUST00075,Healthcare,Surabaya,Medium,15503964025.0,1201968645.0,128,10
CUST00076,Healthcare,Jakarta,Small,2485025702.0,133939972.0,18,11
CUST00077,Education,Yogyakarta,Medium,26712023021.0,2163014125.0,64,11
CUST00078,Manufacturing,Surabaya,Small,5154447437.0,393110635.0,47,4
CUST00079,Retail,Semarang,Medium,18313270763.0,2561109894.0,142,1
CUST00080,Manufacturing,Medan,Small,2357150834.0,286233835.0,23,9
CUST00081,Technology,Surabaya,Medium,10873083815.0,985252167.0,264,5
CUST00082,Agriculture,Makassar,Medium,9442216626.0,1403155578.0,66,6
CUST00083,Retail,Bandung,Medium,5454199716.0,468151981.0,237,3
CUST00084,Manufacturing,Surabaya,Small,1657090914.0,61293373.0,47,11
CUST00085,Retail,Surabaya,Small,3549169117.0,218177784.0,13,10
CUST00086,Retail,Medan,Small,2879668598.0,237078674.0,21,8
CUST00087,Healthcare,Bandung,Small,3244548981.0,158425859.0,35,7
CUST00088,Agriculture,Makassar,Small,1080290662.0,155246211.0,16,1
CUST00089,Logistics,Yogyakarta,Large,73791875898.0,9004222521.0,684,10
CUST00090,Construction,Yogyakarta,Medium,13557157978.0,843180174.0,97,12
CUST00091,Manufacturing,Surabaya,Small,2180772170.0,220032375.0,47,5
CUST00092,Healthcare,Bandung,Small,1870951052.0,218104059.0,40,10
CUST00093,Education,Bandung,Small,1346932661.0,192548700.0,40,9
CUST00094,Agriculture,Makassar,Medium,11938614543.0,1621218988.0,144,12
CUST00095,Education,Medan,Small,912484234.0,83787101.0,28,11
CUST00096,Construction,Semarang,Large,72863200657.0,8959136333.0,1895,12
CUST00097,Construction,Yogyakarta,Small,1006776447.0,98117785.0,43,6
CUST00098,Retail,Medan,Large,46286217375.0,4458495209.0,395,8
CUST00099,Manufacturing,Jakarta,Medium,12763704152.0,558655014.0,295,10
CUST00100,Manufacturing,Yogyakarta,Small,609987603.0,27532717.0,49,1
CUST00101,Manufacturing,Medan,Large,46521826743.0,4351839333.0,2245,10
CUST00102,Agriculture,Yogyakarta,Small,676175586.0,42100981.0,5,11
CUST00103,Retail,Semarang,Medium,11062359831.0,359796929.0,165,7
CUST00104,Construction,Jakarta,Small,2013563086.0,235064773.0,23,3
CUST00105,Logistics,Semarang,Medium,15668038624.0,531121309.0,55,9
CUST00106,Wholesale,Makassar,Medium,11957027279.0,1212839790.0,203,6
CUST00107,Retail,Jakarta,Medium,17514394732.0,1658670196.0,124,5
CUST00108,Education,Surabaya,Medium,14506318768.0,2121661731.0,137,8
CUST00109,Wholesale,Medan,Small,3213217463.0,283102378.0,48,8
CUST00110,Manufacturing,Jakarta,Small,1444248210.0,54350198.0,36,12
CUST00111,Wholesale,Makassar,Small,2111688244.0,203149807.0,14,12
CUST00112,Wholesale,Makassar,Small,4013058719.0,525435960.0,44,3
CUST00113,Logistics,Semarang,Medium,13453817081.0,2012985864.0,174,2
CUST00114,Technology,Yogyakarta,Small,2180715043.0,178036151.0,9,2
CUST00115,Agriculture,Jakarta,Large,186931590803.0,12792822140.0,954,14
CUST00116,Technology,Medan,Medium,15479527916.0,2148533640.0,114,5
CUST00117,Technology,Jakarta,Medium,25859027760.0,1369211096.0,101,10
CUST00118,Wholesale,Bandung,Small,2243765149.0,233018309.0,19,12
CUST00119,Logistics,Yogyakarta,Medium,11498108076.0,904737038.0,267,7
CUST00120,Construction,Medan,Large,84038565677.0,2935457333.0,1603,8
CUST00121,Technology,Medan,Small,2704037792.0,193810873.0,7,10
CUST00122,Logistics,Surabaya,Medium,11717847315.0,724484299.0,191,8
CUST00123,Retail,Semarang,Medium,6138575684.0,689551967.0,138,13
CUST00124,Manufacturing,Surabaya,Small,1312347208.0,188787524.0,27,12
CUST00125,Wholesale,Medan,Small,1673679053.0,104045367.0,22,8
CUST00126,Retail,Yogyakarta,Small,1844699479.0,234970280.0,5,10
CUST00127,Technology,Jakarta,Small,1431519921.0,52455439.0,39,12
CUST00128,Technology,Jakarta,Small,1397235888.0,132142915.0,35,11
CUST00129,Manufacturing,Yogyakarta,Small,4243186337.0,163218438.0,48,3
CUST00130,Construction,Medan,Small,1905502153.0,270741290.0,5,14
CUST00131,Retail,Makassar,Small,1462836755.0,178410721.0,7,11
CUST00132,Wholesale,Jakarta,Large,61840121521.0,6737727941.0,2919,2
CUST00133,Manufacturing,Makassar,Small,2546800984.0,328200043.0,41,13
CUST00134,Retail,Jakarta,Large,78630977279.0,8468743038.0,951,4
CUST00135,Logistics,Jakarta,Small,1823157275.0,266679281.0,33,1
CUST00136,Retail,Semarang,Small,1492779293.0,172677176.0,29,3
CUST00137,Construction,Semarang,Small,1484663727.0,209276764.0,37,11
CUST00138,Healthcare,Bandung,Small,1528265461.0,140685741.0,40,9
CUST00139,Retail,Surabaya,Small,2329407052.0,102605092.0,33,7
CUST00140,Hospitality,Yogyakarta,Medium,8186919282.0,764505383.0,65,7
CUST00141,Hospitality,Yogyakarta,Small,2387193316.0,107960196.0,8,1
CUST00142,Wholesale,Yogyakarta,Medium,10163146193.0,1027486127.0,220,7
CUST00143,Construction,Bandung,Medium,30373133771.0,2669773166.0,91,10
CUST00144,Wholesale,Semarang,Small,1693561474.0,177331209.0,37,7
CUST00145,Wholesale,Medan,Small,1115151291.0,34799007.0,26,4
CUST00146,Manufacturing,Makassar,Medium,8989317962.0,479857515.0,71,7
CUST00147,Agriculture,Makassar,Small,1181328010.0,105090528.0,27,8
CUST00148,Construction,Medan,Small,2929993182.0,422096070.0,25,3
CUST00149,Manufacturing,Bandung,Large,74115232364.0,5635209750.0,1358,13
CUST00150,Wholesale,Medan,Small,1797867624.0,145491796.0,27,10
CUST00151,Logistics,Yogyakarta,Medium,12145231053.0,1405974828.0,122,2
CUST00152,Wholesale,Surabaya,Large,62689229059.0,6422833168.0,486,7
CUST00153,Manufacturing,Jakarta,Small,2320253463.0,152837736.0,41,5
CUST00154,Construction,Makassar,Small,2643527052.0,209626322.0,47,5
CUST00155,Hospitality,Semarang,Small,1225147357.0,68760141.0,35,14
CUST00156,Wholesale,Semarang,Small,1864564506.0,272082054.0,25,5
CUST00157,Healthcare,Bandung,Small,2034367668.0,92922033.0,30,7
CUST00158,Education,Semarang,Medium,25536504588.0,1905544548.0,200,9
CUST00159,Wholesale,Yogyakarta,Small,2003425699.0,66314746.0,39,11
CUST00160,Healthcare,Makassar,Small,962042617.0,54464637.0,42,8
CUST00161,Retail,Medan,Large,76180934549.0,9420270522.0,509,6
CUST00162,Agriculture,Yogyakarta,Medium,8973698243.0,485845247.0,88,7
CUST00163,Agriculture,Bandung,Medium,12661108950.0,501476244.0,154,9
CUST00164,Construction,Yogyakarta,Small,1514689862.0,131678626.0,33,14
CUST00165,Manufacturing,Medan,Medium,19695710414.0,614433452.0,74,11
CUST00166,Technology,Surabaya,Small,852684475.0,34253988.0,5,6
CUST00167,Retail,Bandung,Small,1551903282.0,196959967.0,23,1
CUST00168,Wholesale,Surabaya,Small,1926648681.0,236162433.0,26,4
CUST00169,Manufacturing,Jakarta,Medium,13222621385.0,1848742738.0,222,8
CUST00170,Agriculture,Surabaya,Small,1148760037.0,152258783.0,18,7
CUST00171,Healthcare,Jakarta,Small,2446564919.0,273968952.0,48,3
CUST00172,Manufacturing,Jakarta,Small,2363490386.0,85747296.0,20,10
CUST00173,Construction,Surabaya,Small,2043634481.0,253291806.0,37,3
CUST00174,Wholesale,Bandung,Medium,10538438810.0,1385396837.0,149,11
CUST00175,Agriculture,Medan,Medium,25106405883.0,3160641859.0,100,3
CUST00176,Wholesale,Yogyakarta,Medium,16484510555.0,1500378680.0,147,12
CUST00177,Healthcare,Yogyakarta,Small,1448689332.0,83948969.0,42,1
CUST00178,Retail,Medan,Small,2146463796.0,282130337.0,43,10
CUST00179,Logistics,Makassar,Small,2151966698.0,252338619.0,37,1
CUST00180,Manufacturing,Makassar,Small,2037590035.0,300934405.0,37,6
CUST00181,Retail,Jakarta,Small,2560150130.0,124636075.0,33,14
CUST00182,Manufacturing,Jakarta,Medium,10828042120.0,618061937.0,239,14
CUST00183,Logistics,Bandung,Small,2024157686.0,112170273.0,10,1
CUST00184,Technology,Semarang,Small,2587232912.0,323675184.0,35,5
CUST00185,Wholesale,Surabaya,Small,1925040030.0,100927684.0,20,4
CUST00186,Healthcare,Jakarta,Small,1142994317.0,43432846.0,35,5
CUST00187,Technology,Yogyakarta,Small,1297549407.0,194408320.0,29,7
CUST00188,Agriculture,Bandung,Large,83012651857.0,2737596660.0,2210,6
CUST00189,Construction,Surabaya,Medium,31140793089.0,4055443287.0,58,12
CUST00190,Wholesale,Bandung,Large,70315079626.0,5192348216.0,850,9
CUST00191,Manufacturing,Surabaya,Small,2220244573.0,290838396.0,28,6
CUST00192,Logistics,Surabaya,Small,1163854696.0,112375360.0,14,9
CUST00193,Logistics,Medan,Small,1994291760.0,275602641.0,45,4
CUST00194,Agriculture,Jakarta,Small,4039665898.0,570171204.0,35,1
CUST00195,Retail,Bandung,Medium,20823024490.0,647424933.0,283,1
CUST00196,Retail,Bandung,Small,1821722160.0,71137269.0,7,10
CUST00197,Healthcare,Medan,Small,2653895433.0,159347970.0,38,7
CUST00198,Logistics,Yogyakarta,Small,1129662977.0,124621991.0,32,13
CUST00199,Logistics,Yogyakarta,Small,1462423602.0,199756335.0,23,13
CUST00200,Education,Makassar,Medium,20645932141.0,1758889602.0,59,13
CUST00201,Agriculture,Jakarta,Small,2470583849.0,254066873.0,49,3
CUST00202,Manufacturing,Jakarta,Small,2757966838.0,145124166.0,36,2
CUST00203,Wholesale,Semarang,Small,1866239546.0,236258499.0,17,14
CUST00204,Logistics,Medan,Small,1350302749.0,197251379.0,37,6
CUST00205,Agriculture,Yogyakarta,Medium,13653429101.0,849678451.0,171,6
CUST00206,Manufacturing,Surabaya,Medium,19070039400.0,1704463229.0,247,13
CUST00207,Manufacturing,Bandung,Large,90389859366.0,3645778555.0,1252,7
CUST00208,Healthcare,Jakarta,Medium,14848370485.0,1441723302.0,172,5
CUST00209,Manufacturing,Bandung,Small,1421980588.0,128453213.0,11,8
CUST00210,Wholesale,Bandung,Medium,12978347645.0,614296058.0,236,7
CUST00211,Construction,Semarang,Small,1092311037.0,90714188.0,26,2
CUST00212,Healthcare,Yogyakarta,Small,972077224.0,68135379.0,49,1
CUST00213,Healthcare,Jakarta,Medium,28718183691.0,2659869703.0,138,13
CUST00214,Wholesale,Bandung,Small,2140050930.0,214601141.0,34,14
CUST00215,Healthcare,Jakarta,Large,52271174615.0,1621424103.0,2433,9
CUST00216,Wholesale,Surabaya,Small,2605504765.0,316101709.0,36,5
CUST00217,Retail,Semarang,Medium,16554367613.0,1913051112.0,181,12
CUST00218,Education,Surabaya,Medium,15529871375.0,1148501797.0,153,11
CUST00219,Agriculture,Jakarta,Medium,31125801231.0,1131494846.0,172,5
CUST00220,Technology,Makassar,Medium,36091743340.0,4352372076.0,97,12
CUST00221,Healthcare,Jakarta,Medium,10592674169.0,1531923335.0,81,10
CUST00222,Agriculture,Yogyakarta,Small,1142219299.0,67183273.0,19,4
CUST00223,Manufacturing,Bandung,Small,1452971365.0,99997781.0,8,2
CUST00224,Retail,Bandung,Small,1528333459.0,79561290.0,38,5
CUST00225,Wholesale,Surabaya,Medium,19902037578.0,1974925656.0,148,2
CUST00226,Wholesale,Semarang,Small,2029533960.0,98596723.0,37,12
CUST00227,Hospitality,Makassar,Medium,9277707859.0,674890838.0,83,7
CUST00228,Retail,Medan,Small,1836590803.0,208713047.0,42,11
CUST00229,Logistics,Bandung,Small,1000035747.0,97217393.0,38,9
CUST00230,Agriculture,Yogyakarta,Medium,23915846539.0,1826584922.0,220,9
CUST00231,Education,Surabaya,Small,2560752189.0,205961176.0,5,11
CUST00232,Construction,Surabaya,Small,6543990190.0,637733478.0,8,6
CUST00233,Agriculture,Medan,Small,1392148201.0,42744194.0,43,1
CUST00234,Construction,Yogyakarta,Large,109180179470.0,4304011967.0,1098,13
CUST00235,Wholesale,Semarang,Medium,25535139269.0,3466419877.0,68,6
CUST00236,Healthcare,Yogyakarta,Small,1754858776.0,69045759.0,37,5
CUST00237,Wholesale,Semarang,Small,3773942028.0,433310557.0,12,4
CUST00238,Manufacturing,Yogyakarta,Small,1666478433.0,233981204.0,24,12
CUST00239,Agriculture,Yogyakarta,Medium,20120537998.0,1257172109.0,162,6
CUST00240,Wholesale,Jakarta,Medium,8989802197.0,669371434.0,90,6
CUST00241,Logistics,Surabaya,Small,2404182201.0,236260352.0,49,14
CUST00242,Hospitality,Yogyakarta,Small,1101494309.0,149588519.0,30,6
CUST00243,Logistics,Medan,Small,1560993758.0,223266862.0,27,2
CUST00244,Retail,Yogyakarta,Medium,8563705148.0,1016919346.0,152,14
CUST00245,Manufacturing,Bandung,Medium,6181432225.0,249695068.0,103,7
CUST00246,Logistics,Surabaya,Small,2442185376.0,269369380.0,46,14
CUST00247,Retail,Bandung,Small,2010052586.0,159269424.0,16,4
CUST00248,Hospitality,Surabaya,Small,2752434413.0,238041868.0,5,13
CUST00249,Hospitality,Bandung,Large,36426690252.0,1307638291.0,1140,12
CUST00250,Technology,Yogyakarta,Small,1694163331.0,89667756.0,13,9
CUST00251,Wholesale,Yogyakarta,Medium,12656242930.0,1580279159.0,142,10
CUST00252,Retail,Jakarta,Medium,16989160767.0,1435160375.0,236,2
CUST00253,Technology,Medan,Small,3189354230.0,211133556.0,13,5
CUST00254,Retail,Bandung,Small,2791036609.0,212348454.0,46,14
CUST00255,Wholesale,Semarang,Small,1302996637.0,172683462.0,20,4
CUST00256,Agriculture,Jakarta,Medium,13103056324.0,1570792847.0,67,9
CUST00257,Logistics,Bandung,Medium,19723951123.0,1236254804.0,75,4
CUST00258,Healthcare,Bandung,Medium,52077918388.0,2296647701.0,153,8
CUST00259,Agriculture,Jakarta,Small,1545511217.0,93101266.0,38,8
CUST00260,Manufacturing,Yogyakarta,Small,944757073.0,132729653.0,37,6
CUST00261,Agriculture,Bandung,Large,116978248376.0,11673336674.0,826,6
CUST00262,Hospitality,Yogyakarta,Medium,7338114190.0,689912068.0,173,11
CUST00263,Manufacturing,Jakarta,Small,1439025501.0,146157837.0,17,8
CUST00264,Construction,Yogyakarta,Large,58971748335.0,4359391663.0,759,12
CUST00265,Technology,Surabaya,Medium,13207055269.0,1675352501.0,178,13
CUST00266,Education,Semarang,Medium,11352834741.0,1053478920.0,57,12
CUST00267,Healthcare,Makassar,Medium,14788792866.0,650851052.0,274,10
CUST00268,Healthcare,Bandung,Medium,16974021995.0,772111172.0,100,9
CUST00269,Retail,Medan,Medium,24266140703.0,2291284172.0,284,5
CUST00270,Wholesale,Semarang,Small,3331017267.0,474298306.0,15,11
CUST00271,Technology,Makassar,Small,1240002581.0,83082969.0,37,1
CUST00272,Technology,Yogyakarta,Large,67453558870.0,9062044337.0,2300,1
CUST00273,Technology,Bandung,Small,2949883498.0,358975660.0,25,2
CUST00274,Logistics,Yogyakarta,Small,2596038512.0,155080833.0,43,10
CUST00275,Construction,Surabaya,Small,1625846576.0,55865535.0,24,10
CUST00276,Construction,Jakarta,Small,1199841876.0,50659330.0,12,5
CUST00277,Education,Bandung,Medium,10501477112.0,1233075798.0,284,4
CUST00278,Agriculture,Makassar,Large,56927507652.0,3071829294.0,1902,1
CUST00279,Healthcare,Makassar,Small,1527840820.0,113904369.0,13,4
CUST00280,Education,Surabaya,Small,2216671215.0,199952388.0,29,4
CUST00281,Logistics,Surabaya,Small,4500197768.0,526775961.0,29,10
CUST00282,Retail,Bandung,Medium,20580561431.0,897060300.0,105,4
CUST00283,Retail,Yogyakarta,Medium,23905923903.0,1882925440.0,61,1
CUST00284,Manufacturing,Medan,Small,1547939227.0,136541783.0,23,9
CUST00285,Agriculture,Makassar,Medium,14999195769.0,1423412394.0,169,14
CUST00286,Manufacturing,Makassar,Medium,24423685976.0,3131196578.0,120,3
CUST00287,Construction,Surabaya,Medium,20974637179.0,1061345658.0,66,13
CUST00288,Construction,Semarang,Large,51193462381.0,6498486556.0,1856,4
CUST00289,Wholesale,Surabaya,Small,3095112350.0,350197760.0,33,5
CUST00290,Agriculture,Medan,Medium,6861320825.0,663520584.0,173,13
CUST00291,Manufacturing,Yogyakarta,Small,2030221189.0,231330192.0,21,13
CUST00292,Manufacturing,Yogyakarta,Medium,17556890350.0,1394756742.0,80,7
CUST00293,Technology,Semarang,Medium,13129077882.0,611916259.0,109,6
CUST00294,Retail,Makassar,Medium,13463488091.0,1479527329.0,119,5
CUST00295,Manufacturing,Surabaya,Medium,47354367203.0,4402094025.0,66,8
CUST00296,Construction,Yogyakarta,Small,3130324870.0,334083847.0,24,14
CUST00297,Education,Medan,Small,2887467903.0,203739313.0,7,1
CUST00298,Wholesale,Bandung,Large,50600217585.0,7024524064.0,888,7
CUST00299,Agriculture,Jakarta,Large,135012051971.0,13566602906.0,1920,12
CUST00300,Manufacturing,Jakarta,Small,3031386184.0,122008135.0,30,6
CUST00301,Manufacturing,Jakarta,Small,1653612152.0,138864526.0,40,11
CUST00302,Construction,Makassar,Small,2711809944.0,327485563.0,12,5
CUST00303,Construction,Surabaya,Medium,36413483174.0,4562469155.0,257,7
CUST00304,Agriculture,Semarang,Medium,14869160256.0,1328583948.0,249,3
CUST00305,Healthcare,Yogyakarta,Small,1114654722.0,153119794.0,41,1
CUST00306,Hospitality,Bandung,Small,1153905028.0,71680826.0,49,9
CUST00307,Construction,Medan,Medium,21854309316.0,1732431392.0,206,2
CUST00308,Retail,Bandung,Medium,16701915691.0,2302052252.0,209,13
CUST00309,Education,Medan,Small,2659857032.0,365865478.0,49,10
CUST00310,Wholesale,Makassar,Medium,26761829628.0,3004966284.0,129,3
CUST00311,Retail,Surabaya,Small,681863142.0,90740755.0,26,8
CUST00312,Manufacturing,Jakarta,Small,1933734309.0,78611699.0,30,12
CUST00313,Manufacturing,Surabaya,Medium,11874929414.0,1588858397.0,183,10
CUST00314,Hospitality,Makassar,Medium,39719947577.0,2719799133.0,172,9
CUST00315,Technology,Semarang,Medium,19638319975.0,1009405356.0,84,13
CUST00316,Healthcare,Semarang,Medium,9913950064.0,582190574.0,82,3
CUST00317,Retail,Makassar,Medium,6029186324.0,483276791.0,67,6
CUST00318,Wholesale,Medan,Small,2454210220.0,147603665.0,11,7
CUST00319,Manufacturing,Yogyakarta,Small,2833481984.0,194003157.0,37,1
CUST00320,Wholesale,Yogyakarta,Small,1274431881.0,58875463.0,35,14
CUST00321,Construction,Medan,Small,2181669743.0,142989279.0,16,7
CUST00322,Healthcare,Semarang,Medium,23635183377.0,2332179449.0,139,4
CUST00323,Healthcare,Semarang,Large,44932449481.0,3730401814.0,2656,5
CUST00324,Wholesale,Semarang,Small,2036267671.0,145809495.0,12,8
CUST00325,Hospitality,Surabaya,Small,1796917298.0,214865048.0,36,4
CUST00326,Education,Semarang,Medium,11559178536.0,1586164310.0,50,4
CUST00327,Agriculture,Bandung,Small,2231745136.0,269627634.0,26,8
CUST00328,Agriculture,Jakarta,Medium,8826442495.0,616439488.0,266,5
CUST00329,Retail,Semarang,Medium,16546283134.0,1974518600.0,83,13
CUST00330,Wholesale,Medan,Medium,9656041584.0,465784483.0,152,6
CUST00331,Retail,Jakarta,Small,1209774022.0,55211859.0,18,12
CUST00332,Education,Surabaya,Small,1268334322.0,90654506.0,37,11
CUST00333,Manufacturing,Medan,Medium,13824284192.0,1754637377.0,261,14
CUST00334,Manufacturing,Jakarta,Medium,12008212000.0,715230597.0,56,5
CUST00335,Manufacturing,Medan,Small,1493199179.0,56129968.0,8,1
CUST00336,Manufacturing,Surabaya,Medium,15148854443.0,693895463.0,129,7
CUST00337,Technology,Bandung,Small,3298136382.0,438815054.0,32,6
CUST00338,Healthcare,Surabaya,Medium,11016025567.0,1168293511.0,206,2
CUST00339,Construction,Surabaya,Small,2063767637.0,124618833.0,20,11
CUST00340,Manufacturing,Medan,Large,68037592561.0,6574846711.0,914,7
CUST00341,Construction,Makassar,Small,1273838536.0,118861307.0,23,6
CUST00342,Construction,Yogyakarta,Small,1218158438.0,132355737.0,25,5
CUST00343,Wholesale,Semarang,Small,3509762938.0,203504852.0,26,8
CUST00344,Retail,Semarang,Small,1011418981.0,135255400.0,13,5
CUST00345,Retail,Bandung,Medium,36775243304.0,2468509796.0,260,11
CUST00346,Agriculture,Bandung,Large,54389494782.0,6162101240.0,2361,2
CUST00347,Agriculture,Semarang,Small,1469326881.0,46922892.0,31,6
CUST00348,Manufacturing,Yogyakarta,Small,1868147365.0,139585833.0,21,14
CUST00349,Retail,Semarang,Medium,45065295076.0,3253947660.0,198,12
CUST00350,Agriculture,Makassar,Medium,11751996595.0,1119003156.0,91,1
CUST00351,Construction,Yogyakarta,Medium,6682673254.0,258808918.0,110,5
CUST00352,Technology,Bandung,Small,1487806235.0,185701673.0,20,14
CUST00353,Healthcare,Jakarta,Small,1646480786.0,92423052.0,22,6
CUST00354,Wholesale,Medan,Medium,12747502115.0,1418089981.0,83,7
CUST00355,Manufacturing,Makassar,Small,2551350238.0,322453560.0,5,14
CUST00356,Agriculture,Makassar,Medium,12764061201.0,1243541659.0,158,2
CUST00357,Manufacturing,Bandung,Small,3733749720.0,443965187.0,10,1
CUST00358,Agriculture,Bandung,Medium,20337145032.0,2225356250.0,64,6
CUST00359,Logistics,Surabaya,Small,1173146108.0,85244991.0,9,3
CUST00360,Agriculture,Makassar,Medium,11040555745.0,1402846407.0,267,5
CUST00361,Retail,Surabaya,Small,3964183224.0,259115524.0,22,12
CUST00362,Agriculture,Surabaya,Medium,16823870464.0,1657917570.0,74,11
CUST00363,Construction,Medan,Small,1751947433.0,209266142.0,5,13
CUST00364,Construction,Surabaya,Medium,22689827413.0,1712508125.0,108,2
CUST00365,Logistics,Yogyakarta,Medium,16301232995.0,1081295228.0,128,1
CUST00366,Retail,Semarang,Medium,28046948005.0,2387398880.0,135,1
CUST00367,Hospitality,Jakarta,Medium,15860203434.0,2032574194.0,183,13
CUST00368,Logistics,Bandung,Medium,10504261094.0,1487304753.0,229,11
CUST00369,Wholesale,Yogyakarta,Medium,13682495308.0,1305447008.0,256,4
CUST00370,Manufacturing,Jakarta,Small,1517607095.0,165989710.0,23,10
CUST00371,Manufacturing,Makassar,Medium,10603864649.0,1467498887.0,198,13
CUST00372,Manufacturing,Makassar,Small,4300931651.0,179889142.0,35,2
CUST00373,Manufacturing,Makassar,Small,1214620063.0,70265078.0,37,1
CUST00374,Healthcare,Yogyakarta,Small,947041615.0,108974185.0,22,6
CUST00375,Manufacturing,Yogyakarta,Small,1377561951.0,177497942.0,43,14
CUST00376,Retail,Bandung,Medium,16211125851.0,2153542428.0,81,4
CUST00377,Technology,Semarang,Medium,25768818805.0,2056683159.0,102,10
CUST00378,Manufacturing,Surabaya,Medium,17301035310.0,704511796.0,108,13
CUST00379,Technology,Makassar,Small,3064694951.0,252940851.0,45,12
CUST00380,Wholesale,Medan,Small,1121276235.0,64684353.0,11,7
CUST00381,Manufacturing,Semarang,Small,2080394167.0,135108234.0,18,11
CUST00382,Healthcare,Medan,Small,2390059437.0,293193627.0,47,6
CUST00383,Agriculture,Bandung,Small,1926344676.0,75249284.0,29,5
CUST00384,Technology,Bandung,Small,2174304506.0,281158764.0,36,10
CUST00385,Education,Bandung,Small,2185718153.0,177743235.0,42,12
CUST00386,Technology,Jakarta,Medium,10401619799.0,1056052240.0,291,13
CUST00387,Wholesale,Medan,Medium,14331071121.0,584109634.0,163,12
CUST00388,Wholesale,Semarang,Large,134623726534.0,9488696153.0,1976,12
CUST00389,Education,Semarang,Large,55064596304.0,2244659276.0,2825,12
CUST00390,Technology,Yogyakarta,Medium,19055111742.0,2770332122.0,115,2
CUST00391,Hospitality,Yogyakarta,Small,984527370.0,124908364.0,21,5
CUST00392,Retail,Makassar,Medium,18555172225.0,1580082957.0,111,9
CUST00393,Retail,Yogyakarta,Medium,27901302318.0,1585695346.0,103,9
CUST00394,Education,Bandung,Small,1001713019.0,142257886.0,29,2
CUST00395,Retail,Semarang,Small,1815639089.0,129548739.0,17,7
CUST00396,Logistics,Medan,Medium,21932677626.0,1081678686.0,180,10
CUST00397,Technology,Bandung,Small,4229525766.0,412715968.0,9,14
CUST00398,Retail,Jakarta,Medium,9268275231.0,1327707253.0,86,4
CUST00399,Education,Yogyakarta,Medium,8490444094.0,258615827.0,278,13
CUST00400,Education,Bandung,Small,4289078838.0,251232712.0,7,13
CUST00401,Manufacturing,Bandung,Small,2039792473.0,290902386.0,39,3
CUST00402,Logistics,Jakarta,Small,1782503201.0,90070450.0,37,11
CUST00403,Construction,Surabaya,Small,1726237168.0,75245322.0,26,1
CUST00404,Technology,Semarang,Small,963240000.0,94804456.0,48,3
CUST00405,Retail,Medan,Medium,13144687952.0,1753780813.0,173,11
CUST00406,Logistics,Makassar,Small,2501812693.0,218291109.0,45,9
CUST00407,Retail,Surabaya,Small,1681564623.0,251137827.0,22,14
CUST00408,Manufacturing,Yogyakarta,Small,2416573905.0,269449450.0,33,9
CUST00409,Logistics,Bandung,Large,131619771749.0,5118559838.0,2055,7
CUST00410,Manufacturing,Jakarta,Small,1877102978.0,279950867.0,31,3
CUST00411,Retail,Jakarta,Small,2306175045.0,182066313.0,40,13
CUST00412,Hospitality,Semarang,Medium,16508537796.0,1064607605.0,210,3
CUST00413,Hospitality,Surabaya,Medium,26221154427.0,2542022980.0,241,4
CUST00414,Agriculture,Makassar,Small,1641473810.0,109185767.0,38,7
CUST00415,Agriculture,Semarang,Medium,7563481665.0,305374822.0,97,7
CUST00416,Construction,Bandung,Small,1602470414.0,48348778.0,9,12
CUST00417,Wholesale,Semarang,Small,2014277510.0,169098602.0,18,12
CUST00418,Retail,Medan,Small,1923424311.0,250859943.0,7,14
CUST00419,Healthcare,Jakarta,Small,4050559712.0,399700411.0,27,2
CUST00420,Education,Jakarta,Medium,18829920603.0,2822696911.0,106,12
CUST00421,Education,Yogyakarta,Small,2876390273.0,185301656.0,34,5
CUST00422,Education,Yogyakarta,Small,1290704431.0,82159284.0,49,7
CUST00423,Manufacturing,Makassar,Medium,28169226093.0,1385079022.0,166,7
CUST00424,Construction,Bandung,Medium,19248849984.0,956429747.0,105,6
CUST00425,Manufacturing,Medan,Small,1460494394.0,93796443.0,14,10
CUST00426,Construction,Surabaya,Medium,15919948681.0,1992235200.0,208,10
CUST00427,Construction,Semarang,Small,4307697535.0,597438081.0,17,12
CUST00428,Logistics,Makassar,Medium,16672993334.0,2451104426.0,107,8
CUST00429,Retail,Bandung,Medium,8677240612.0,502193205.0,189,3
CUST00430,Manufacturing,Yogyakarta,Large,131432251261.0,17842677992.0,810,1
CUST00431,Manufacturing,Semarang,Small,2402936984.0,166741265.0,41,3
CUST00432,Education,Yogyakarta,Small,2451711438.0,106749638.0,26,11
CUST00433,Agriculture,Semarang,Small,1064982512.0,143136835.0,21,2
CUST00434,Manufacturing,Surabaya,Small,2195030258.0,233403442.0,27,2
CUST00435,Manufacturing,Bandung,Small,3784093524.0,188325660.0,40,14
CUST00436,Healthcare,Semarang,Large,103774107920.0,8465865874.0,1014,14
CUST00437,Manufacturing,Medan,Small,2143840163.0,138215355.0,6,2
CUST00438,Technology,Makassar,Small,4321138541.0,511689125.0,36,5
CUST00439,Healthcare,Jakarta,Medium,13722737532.0,1158335557.0,150,13
CUST00440,Manufacturing,Medan,Small,1513382371.0,225060531.0,47,1
CUST00441,Manufacturing,Medan,Medium,10811362251.0,395365008.0,282,10
CUST00442,Hospitality,Makassar,Small,2823726584.0,205007723.0,12,4
CUST00443,Retail,Jakarta,Small,923245442.0,81086819.0,5,14
CUST00444,Retail,Medan,Small,2273539959.0,205473508.0,21,10
CUST00445,Technology,Semarang,Small,2880034973.0,195589795.0,16,5
CUST00446,Logistics,Semarang,Large,148954933418.0,17503519933.0,2180,2
CUST00447,Hospitality,Semarang,Small,3291295728.0,444225029.0,17,5
CUST00448,Education,Jakarta,Small,2668939436.0,380714379.0,35,10
CUST00449,Retail,Medan,Small,5242348494.0,663740061.0,45,4
CUST00450,Manufacturing,Jakarta,Small,1426716823.0,188425954.0,11,8
CUST00451,Education,Semarang,Medium,12042634266.0,1156880912.0,142,1
CUST00452,Agriculture,Makassar,Small,1265353364.0,163365454.0,28,12
CUST00453,Retail,Medan,Medium,7178769491.0,476817237.0,149,5
CUST00454,Logistics,Medan,Large,76826722707.0,5978459765.0,689,14
CUST00455,Manufacturing,Yogyakarta,Medium,17316716933.0,1178048662.0,123,14
CUST00456,Construction,Yogyakarta,Large,63519092329.0,5468135087.0,1540,11
CUST00457,Manufacturing,Surabaya,Small,1612158888.0,103612733.0,13,12
CUST00458,Construction,Bandung,Small,900387755.0,130910413.0,10,10
CUST00459,Manufacturing,Yogyakarta,Small,1465905586.0,99009250.0,29,1
CUST00460,Manufacturing,Jakarta,Medium,15705075077.0,655927872.0,186,10
CUST00461,Manufacturing,Yogyakarta,Large,123223521397.0,11486657602.0,906,10
CUST00462,Agriculture,Surabaya,Small,1985173057.0,73157378.0,25,4
CUST00463,Education,Medan,Medium,4570608035.0,197748179.0,211,8
CUST00464,Agriculture,Surabaya,Small,1688579443.0,95112153.0,14,1
CUST00465,Hospitality,Medan,Medium,15763947654.0,1351317593.0,265,11
CUST00466,Retail,Makassar,Small,1264826351.0,103703254.0,41,2
CUST00467,Wholesale,Makassar,Large,43110494808.0,5430328268.0,1002,1
CUST00468,Technology,Medan,Medium,24990177767.0,2967257700.0,193,11
CUST00469,Wholesale,Bandung,Small,2553242601.0,207216562.0,17,7
CUST00470,Hospitality,Yogyakarta,Small,1253149867.0,87776262.0,36,2
CUST00471,Manufacturing,Jakarta,Small,2125953795.0,144514375.0,49,1
CUST00472,Hospitality,Jakarta,Small,2154064979.0,264690235.0,12,12
CUST00473,Manufacturing,Semarang,Small,1463288198.0,53042278.0,47,6
CUST00474,Logistics,Medan,Medium,49319362715.0,1555463551.0,188,6
CUST00475,Construction,Jakarta,Medium,10015951756.0,1256654663.0,174,10
CUST00476,Hospitality,Bandung,Small,1209810598.0,105565127.0,30,2
CUST00477,Manufacturing,Medan,Small,2091684602.0,95601986.0,14,1
CUST00478,Agriculture,Bandung,Medium,12823996559.0,747227505.0,299,14
CUST00479,Hospitality,Jakarta,Medium,11999040166.0,1702669492.0,91,10
CUST00480,Construction,Jakarta,Small,2541926266.0,338432971.0,33,3
CUST00481,Agriculture,Semarang,Medium,7544110106.0,868886892.0,189,10
CUST00482,Healthcare,Jakarta,Small,1621068950.0,142438510.0,17,14
CUST00483,Construction,Medan,Small,1480700649.0,136874243.0,5,5
CUST00484,Agriculture,Makassar,Small,3144446976.0,462325977.0,27,6
CUST00485,Agriculture,Medan,Small,1194413157.0,174255866.0,44,3
CUST00486,Logistics,Medan,Small,1082885784.0,60459988.0,7,9
CUST00487,Manufacturing,Semarang,Large,78055817254.0,9939046094.0,1683,11
CUST00488,Wholesale,Semarang,Medium,17036804665.0,914350313.0,137,5
CUST00489,Hospitality,Jakarta,Medium,17477702713.0,972188428.0,118,13
CUST00490,Logistics,Surabaya,Small,763400514.0,84837588.0,39,2
CUST00491,Construction,Surabaya,Small,1064860585.0,83698182.0,19,10
CUST00492,Agriculture,Semarang,Medium,12720838013.0,1803628201.0,299,6
CUST00493,Wholesale,Jakarta,Small,2413553988.0,98186196.0,7,12
CUST00494,Wholesale,Surabaya,Small,2927930531.0,267563301.0,33,8
CUST00495,Construction,Jakarta,Small,2163690171.0,303398226.0,34,11
CUST00496,Retail,Jakarta,Medium,24652590230.0,3414226938.0,103,6
CUST00497,Agriculture,Jakarta,Small,1678526770.0,81884420.0,22,4
CUST00498,Manufacturing,Yogyakarta,Small,4092084049.0,302799996.0,15,6
CUST00499,Hospitality,Medan,Medium,17945731844.0,1871642350.0,90,8
CUST00500,Hospitality,Jakarta,Small,2350683764.0,115482949.0,42,8
CUST00501,Healthcare,Yogyakarta,Small,1282271616.0,187420231.0,44,13
CUST00502,Construction,Semarang,Small,2544152341.0,355595968.0,5,10
CUST00503,Wholesale,Surabaya,Small,1254189158.0,62752127.0,33,2
CUST00504,Technology,Medan,Medium,8865051406.0,394837469.0,239,8
CUST00505,Healthcare,Makassar,Small,2103482715.0,84663114.0,32,6
CUST00506,Wholesale,Surabaya,Small,4385198131.0,610126823.0,35,2
CUST00507,Logistics,Medan,Medium,25084877221.0,1335389856.0,96,1
CUST00508,Technology,Makassar,Medium,6878532915.0,549967537.0,54,6
CUST00509,Logistics,Surabaya,Medium,8819124300.0,739590847.0,253,13
CUST00510,Healthcare,Medan,Small,1756978070.0,179003254.0,47,7
CUST00511,Agriculture,Surabaya,Small,2097475432.0,80979837.0,19,14
CUST00512,Retail,Surabaya,Large,119006391370.0,6808478713.0,1426,14
CUST00513,Logistics,Makassar,Medium,7999906547.0,1134217522.0,87,10
CUST00514,Technology,Surabaya,Small,2619763026.0,364171196.0,47,5
CUST00515,Manufacturing,Surabaya,Small,1872750322.0,231761987.0,49,14
CUST00516,Manufacturing,Makassar,Small,1531626497.0,49514650.0,30,10
CUST00517,Retail,Semarang,Large,171363887190.0,11865374734.0,1577,8
CUST00518,Technology,Jakarta,Small,1460570660.0,153878492.0,40,11
CUST00519,Hospitality,Bandung,Small,2103904707.0,132594019.0,37,13
CUST00520,Manufacturing,Yogyakarta,Small,2443455728.0,340007850.0,24,12
CUST00521,Agriculture,Bandung,Medium,20159515328.0,2138253978.0,219,9
CUST00522,Retail,Bandung,Medium,21773201736.0,841072788.0,172,4
CUST00523,Hospitality,Medan,Small,3657985273.0,508755045.0,9,7
CUST00524,Technology,Jakarta,Medium,45002910033.0,6522361711.0,203,8
CUST00525,Technology,Medan,Large,51358942250.0,2019715581.0,1551,13
CUST00526,Construction,Jakarta,Small,3215541149.0,301885383.0,31,6
CUST00527,Retail,Makassar,Small,2000400985.0,132834055.0,27,2
CUST00528,Wholesale,Makassar,Small,1115632268.0,86060642.0,18,7
CUST00529,Manufacturing,Jakarta,Medium,6532021248.0,336778906.0,171,13
CUST00530,Technology,Surabaya,Medium,15829112647.0,1572917590.0,136,9
CUST00531,Technology,Semarang,Medium,14988283047.0,2172664375.0,180,5
CUST00532,Hospitality,Surabaya,Medium,13538000857.0,1223411701.0,104,2
CUST00533,Hospitality,Semarang,Small,2239995190.0,89487247.0,8,4
CUST00534,Agriculture,Medan,Large,39211318811.0,4093667958.0,2480,3
CUST00535,Education,Semarang,Small,1719559637.0,121790837.0,23,4
CUST00536,Logistics,Medan,Small,1401995766.0,186060292.0,35,10
CUST00537,Technology,Makassar,Medium,10044265514.0,825250694.0,112,7
CUST00538,Wholesale,Bandung,Medium,14588333929.0,775235051.0,140,10
CUST00539,Construction,Makassar,Small,1616662826.0,85574287.0,17,8
CUST00540,Manufacturing,Makassar,Medium,38951054896.0,4761832744.0,280,1
CUST00541,Hospitality,Bandung,Large,70801923243.0,4380551227.0,2640,13
CUST00542,Agriculture,Semarang,Small,2165576998.0,264347669.0,35,8
CUST00543,Wholesale,Semarang,Large,56761496152.0,3105221500.0,1493,5
CUST00544,Healthcare,Medan,Small,2247807470.0,154204907.0,27,12
CUST00545,Agriculture,Surabaya,Small,1959289831.0,168221562.0,31,7
CUST00546,Retail,Medan,Small,1417508572.0,202963841.0,10,11
CUST00547,Manufacturing,Surabaya,Medium,26362438525.0,3738398645.0,214,11
CUST00548,Healthcare,Makassar,Medium,17891074874.0,980871472.0,143,1
CUST00549,Construction,Bandung,Small,1221117059.0,89124798.0,49,2
CUST00550,Education,Makassar,Small,2916411075.0,139777536.0,17,1
CUST00551,Construction,Jakarta,Medium,16006658011.0,1459778551.0,230,5
CUST00552,Technology,Semarang,Small,2122419254.0,180978490.0,5,14
CUST00553,Agriculture,Surabaya,Medium,11594871282.0,1601149915.0,201,14
CUST00554,Agriculture,Medan,Medium,10512283601.0,1488546142.0,285,6
CUST00555,Technology,Bandung,Small,782336788.0,59479569.0,26,10
CUST00556,Retail,Surabaya,Large,143264180730.0,12751737447.0,2082,9
CUST00557,Manufacturing,Medan,Small,1796133684.0,247055224.0,6,8
CUST00558,Manufacturing,Semarang,Large,57430372358.0,7282454745.0,2690,7
CUST00559,Education,Makassar,Medium,7447390401.0,226689309.0,288,12
CUST00560,Agriculture,Semarang,Medium,34684264888.0,2372651631.0,111,5
CUST00561,Healthcare,Yogyakarta,Small,1920510521.0,154817940.0,21,14
CUST00562,Wholesale,Jakarta,Medium,16412723942.0,944814112.0,118,3
CUST00563,Manufacturing,Yogyakarta,Small,1840586153.0,99297035.0,12,9
CUST00564,Manufacturing,Bandung,Small,1460763422.0,50446210.0,26,13
CUST00565,Retail,Surabaya,Small,1766643103.0,189391856.0,8,5
CUST00566,Agriculture,Bandung,Medium,7423568912.0,456558655.0,219,3
CUST00567,Retail,Makassar,Small,2500326662.0,90716005.0,12,3
CUST00568,Retail,Medan,Medium,25538951034.0,1474044847.0,238,3
CUST00569,Logistics,Semarang,Medium,14292580340.0,1804147762.0,53,14
CUST00570,Retail,Yogyakarta,Small,1554669632.0,205494214.0,6,6
CUST00571,Construction,Yogyakarta,Medium,35322915251.0,3107284422.0,265,1
CUST00572,Education,Makassar,Small,1483879936.0,118604268.0,35,11
CUST00573,Retail,Yogyakarta,Medium,18613852915.0,2742610566.0,66,4
CUST00574,Agriculture,Makassar,Medium,16404858887.0,886973959.0,163,13
CUST00575,Technology,Bandung,Small,1231342288.0,68761988.0,30,8
CUST00576,Logistics,Semarang,Medium,12734138705.0,828025415.0,106,3
CUST00577,Manufacturing,Surabaya,Small,1137363304.0,57699439.0,32,5
CUST00578,Logistics,Medan,Small,1031731274.0,77920340.0,12,2
CUST00579,Construction,Surabaya,Medium,12119442843.0,1688239688.0,97,2
CUST00580,Wholesale,Bandung,Small,1514708557.0,157289973.0,28,11
CUST00581,Construction,Medan,Small,4418972484.0,351014830.0,48,13
CUST00582,Hospitality,Yogyakarta,Small,1760972538.0,250285786.0,41,7
CUST00583,Construction,Jakarta,Medium,9010148129.0,322704833.0,257,10
CUST00584,Retail,Bandung,Small,3091789638.0,170769254.0,35,3
CUST00585,Agriculture,Bandung,Small,1820512056.0,178240205.0,36,5
CUST00586,Wholesale,Semarang,Medium,21363110054.0,2218907514.0,166,3
CUST00587,Manufacturing,Surabaya,Medium,10433422238.0,362529087.0,210,6
CUST00588,Manufacturing,Bandung,Small,3951128958.0,309628842.0,29,13
CUST00589,Manufacturing,Bandung,Small,3749474818.0,404562618.0,48,10
CUST00590,Manufacturing,Yogyakarta,Small,2410269999.0,274212719.0,6,3
CUST00591,Manufacturing,Yogyakarta,Small,2804305913.0,298873918.0,46,8
CUST00592,Agriculture,Medan,Small,2648462591.0,181333843.0,5,2
CUST00593,Wholesale,Makassar,Medium,21117529349.0,870515555.0,121,3
CUST00594,Retail,Makassar,Medium,24107805111.0,1958843388.0,120,8
CUST00595,Logistics,Jakarta,Medium,14370260481.0,653135991.0,211,8
CUST00596,Construction,Makassar,Small,3974627462.0,571212946.0,40,1
CUST00597,Healthcare,Semarang,Medium,17813117195.0,1550106435.0,102,8
CUST00598,Wholesale,Jakarta,Small,2537352631.0,172720387.0,32,10
CUST00599,Wholesale,Medan,Large,44541375691.0,5432109774.0,759,2
CUST00600,Manufacturing,Yogyakarta,Medium,31130076893.0,2794043664.0,220,12
CUST00601,Wholesale,Makassar,Small,2347493971.0,157761179.0,46,7
CUST00602,Wholesale,Surabaya,Medium,7772827352.0,990539030.0,122,6
CUST00603,Wholesale,Yogyakarta,Small,2551753032.0,342083567.0,29,2
CUST00604,Manufacturing,Semarang,Medium,6734926853.0,745967098.0,130,5
CUST00605,Manufacturing,Yogyakarta,Small,2846256427.0,101428428.0,10,7
CUST00606,Construction,Semarang,Small,2300009485.0,225306044.0,22,8
CUST00607,Wholesale,Semarang,Medium,11970365202.0,1455541218.0,119,3
CUST00608,Retail,Semarang,Small,3295689817.0,152855285.0,19,1
CUST00609,Construction,Medan,Medium,10309517213.0,592183722.0,284,13
CUST00610,Healthcare,Semarang,Small,1156551809.0,157174711.0,17,7
CUST00611,Manufacturing,Semarang,Medium,15756982820.0,510756400.0,230,13
CUST00612,Education,Surabaya,Medium,15520192306.0,1867502161.0,206,5
CUST00613,Agriculture,Jakarta,Small,1506074452.0,130806776.0,21,5
CUST00614,Manufacturing,Bandung,Small,1270641913.0,106241749.0,36,7
CUST00615,Technology,Jakarta,Small,1421921013.0,43868515.0,26,1
CUST00616,Logistics,Semarang,Small,1467887423.0,188370746.0,17,8
CUST00617,Manufacturing,Surabaya,Small,2932744374.0,214615266.0,27,12
CUST00618,Wholesale,Yogyakarta,Medium,10806470455.0,1025446252.0,73,14
CUST00619,Technology,Surabaya,Large,38805446084.0,4318118014.0,2754,10
CUST00620,Education,Semarang,Medium,12228081756.0,1397859881.0,193,5
CUST00621,Wholesale,Surabaya,Medium,23421572638.0,3389513946.0,229,8
CUST00622,Wholesale,Makassar,Medium,11518053131.0,1079941811.0,129,10
CUST00623,Retail,Surabaya,Medium,12657453694.0,986855416.0,183,10
CUST00624,Construction,Semarang,Small,1654873684.0,239037295.0,14,5
CUST00625,Agriculture,Medan,Large,319409120184.0,34193777433.0,1278,12
CUST00626,Retail,Makassar,Medium,18146827819.0,1193662816.0,181,7
CUST00627,Construction,Surabaya,Medium,17413026386.0,786645821.0,275,10
CUST00628,Education,Bandung,Small,1219937103.0,159941733.0,39,3
CUST00629,Manufacturing,Bandung,Small,2090465497.0,153569342.0,49,2
CUST00630,Wholesale,Surabaya,Small,1953015481.0,213379375.0,17,6
CUST00631,Healthcare,Medan,Medium,40746009543.0,3524447124.0,141,5
CUST00632,Logistics,Yogyakarta,Small,3288476899.0,177155425.0,6,9
CUST00633,Construction,Semarang,Small,1384469144.0,141496060.0,10,10
CUST00634,Construction,Bandung,Large,73380499218.0,2735769444.0,1501,4
CUST00635,Manufacturing,Yogyakarta,Small,1267637656.0,100905346.0,40,11
CUST00636,Construction,Surabaya,Small,2741982029.0,262116462.0,29,3
CUST00637,Construction,Yogyakarta,Small,1006499840.0,82860740.0,48,9
CUST00638,Wholesale,Makassar,Medium,17485020842.0,2095416456.0,270,8
CUST00639,Wholesale,Jakarta,Large,46737382245.0,6045526876.0,2878,6
CUST00640,Retail,Bandung,Small,2546901374.0,312120647.0,27,1
CUST00641,Manufacturing,Surabaya,Medium,21663759329.0,750812903.0,79,14
CUST00642,Retail,Semarang,Small,2814946038.0,150023823.0,26,10
CUST00643,Wholesale,Medan,Large,50744654351.0,4789935140.0,2593,13
CUST00644,Retail,Makassar,Medium,10839173025.0,1541098932.0,259,12
CUST00645,Manufacturing,Surabaya,Medium,21944947835.0,2857118380.0,148,11
CUST00646,Logistics,Semarang,Small,1941134804.0,254490811.0,23,1
CUST00647,Agriculture,Medan,Large,68053007512.0,4517697764.0,2743,12
CUST00648,Healthcare,Medan,Medium,12714148609.0,1036632184.0,147,6
CUST00649,Education,Surabaya,Small,1569929040.0,135774864.0,46,13
CUST00650,Construction,Makassar,Medium,33817637838.0,1653161361.0,188,3
CUST00651,Manufacturing,Yogyakarta,Small,1147106245.0,38689801.0,31,3
CUST00652,Construction,Yogyakarta,Medium,24059924594.0,3455687221.0,201,6
CUST00653,Agriculture,Medan,Small,2704671887.0,159265984.0,39,13
CUST00654,Education,Yogyakarta,Medium,12905954568.0,758790995.0,216,3
CUST00655,Retail,Jakarta,Small,1619358555.0,64783227.0,10,13
CUST00656,Manufacturing,Medan,Small,2673076059.0,378028903.0,10,11
CUST00657,Wholesale,Medan,Small,1454795236.0,144851712.0,48,10
CUST00658,Retail,Semarang,Small,2116072069.0,232861930.0,27,6
CUST00659,Agriculture,Yogyakarta,Small,3372912569.0,470147674.0,37,5
CUST00660,Agriculture,Makassar,Small,1388302082.0,99228086.0,20,4
CUST00661,Retail,Medan,Medium,17787837538.0,1860267656.0,164,8
CUST00662,Hospitality,Makassar,Small,2305329349.0,79893343.0,9,2
CUST00663,Agriculture,Jakarta,Small,1914287732.0,100332995.0,45,12
CUST00664,Wholesale,Semarang,Medium,17282043932.0,2242336501.0,226,14
CUST00665,Manufacturing,Surabaya,Small,3454942644.0,421545162.0,17,11
CUST00666,Manufacturing,Makassar,Large,140771290550.0,10146389620.0,1461,7
CUST00667,Wholesale,Medan,Medium,9658179836.0,726461972.0,141,4
CUST00668,Wholesale,Jakarta,Medium,28250229634.0,2656271121.0,71,2
CUST00669,Wholesale,Bandung,Medium,17649142291.0,529984692.0,221,7
CUST00670,Wholesale,Jakarta,Medium,19722363679.0,1162619934.0,141,13
CUST00671,Wholesale,Jakarta,Small,3646813024.0,200530287.0,32,1
CUST00672,Logistics,Semarang,Small,2655238884.0,159468214.0,34,4
CUST00673,Manufacturing,Surabaya,Small,3239057092.0,410416717.0,22,9
CUST00674,Construction,Bandung,Medium,16319051003.0,1037252962.0,157,14
CUST00675,Retail,Yogyakarta,Small,3090056541.0,163719102.0,31,4
CUST00676,Hospitality,Yogyakarta,Medium,21435075738.0,1940123329.0,287,12
CUST00677,Manufacturing,Makassar,Large,62804898783.0,8408156830.0,898,13
CUST00678,Retail,Jakarta,Medium,10801673981.0,636887917.0,158,3
CUST00679,Hospitality,Semarang,Small,4433079472.0,174771273.0,22,10
CUST00680,Technology,Semarang,Small,1602688608.0,116625355.0,37,10
CUST00681,Technology,Yogyakarta,Medium,15162162190.0,1815187053.0,68,2
CUST00682,Wholesale,Makassar,Medium,13318755724.0,1279704213.0,132,14
CUST00683,Wholesale,Makassar,Small,2745013266.0,351403434.0,41,3
CUST00684,Healthcare,Makassar,Small,2148497383.0,311856668.0,6,1
CUST00685,Logistics,Bandung,Large,75226295135.0,9412276224.0,2363,10
CUST00686,Agriculture,Surabaya,Medium,8534076670.0,874370512.0,161,8
CUST00687,Agriculture,Bandung,Medium,4406255420.0,393042348.0,213,1
CUST00688,Wholesale,Medan,Medium,22924255769.0,797954151.0,151,3
CUST00689,Education,Medan,Medium,15103135336.0,2237055827.0,217,14
CUST00690,Wholesale,Surabaya,Small,2560849964.0,194670013.0,22,3
CUST00691,Retail,Yogyakarta,Small,2730436811.0,131791047.0,21,13
CUST00692,Retail,Surabaya,Small,4104011607.0,451462054.0,38,2
CUST00693,Construction,Semarang,Small,1941348243.0,124468756.0,43,14
CUST00694,Wholesale,Medan,Medium,11649323136.0,1168350138.0,118,5
CUST00695,Manufacturing,Jakarta,Medium,7455915110.0,748664458.0,230,10
CUST00696,Agriculture,Jakarta,Medium,32907227101.0,2747344706.0,231,3
CUST00697,Wholesale,Yogyakarta,Small,2571214703.0,335117298.0,34,3
CUST00698,Agriculture,Semarang,Medium,12631335598.0,780566613.0,168,8
CUST00699,Manufacturing,Bandung,Medium,18871496112.0,1582109068.0,94,4
CUST00700,Construction,Semarang,Medium,12060002478.0,1139948283.0,174,4
CUST00701,Construction,Jakarta,Medium,9584225594.0,1050766252.0,267,3
CUST00702,Manufacturing,Jakarta,Small,3248165157.0,403021361.0,8,11
CUST00703,Retail,Medan,Small,1108369418.0,85762161.0,29,1
CUST00704,Manufacturing,Semarang,Small,2955245179.0,317764609.0,36,8
CUST00705,Manufacturing,Semarang,Small,2398858323.0,115321070.0,24,1
CUST00706,Hospitality,Jakarta,Small,1262708265.0,179200744.0,35,7
CUST00707,Retail,Bandung,Medium,22455040171.0,1705843311.0,184,5
CUST00708,Technology,Yogyakarta,Large,217120336087.0,25520882441.0,2955,4
CUST00709,Wholesale,Makassar,Medium,14981447356.0,486012082.0,102,4
CUST00710,Healthcare,Yogyakarta,Medium,15142832086.0,827138697.0,67,8
CUST00711,Education,Semarang,Small,3070426442.0,271578928.0,41,11
CUST00712,Agriculture,Yogyakarta,Medium,19825407050.0,2684167731.0,285,11
CUST00713,Construction,Jakarta,Small,2530793101.0,236048637.0,21,13
CUST00714,Retail,Jakarta,Small,3640195583.0,515395118.0,18,14
CUST00715,Retail,Semarang,Small,2927299489.0,257765194.0,45,6
CUST00716,Logistics,Semarang,Small,2504382201.0,222524105.0,39,14
CUST00717,Technology,Makassar,Small,1286634187.0,57087463.0,17,12
CUST00718,Hospitality,Makassar,Small,7932936859.0,1002078662.0,39,1
CUST00719,Manufacturing,Medan,Small,1217396960.0,72600502.0,47,14
CUST00720,Education,Semarang,Large,57770322148.0,7969618063.0,1600,10
CUST00721,Logistics,Bandung,Small,949822130.0,132309184.0,17,8
CUST00722,Wholesale,Yogyakarta,Small,2548758434.0,364975105.0,20,13
CUST00723,Manufacturing,Semarang,Small,2140729968.0,197862659.0,22,14
CUST00724,Education,Surabaya,Medium,7673043646.0,853635729.0,139,2
CUST00725,Agriculture,Medan,Small,914450122.0,112863177.0,49,6
CUST00726,Technology,Surabaya,Small,3300106468.0,150886657.0,40,9
CUST00727,Manufacturing,Jakarta,Small,1390691701.0,142010293.0,45,1
CUST00728,Education,Makassar,Small,1870292510.0,63806428.0,34,6
CUST00729,Wholesale,Yogyakarta,Small,3041510453.0,272847607.0,46,8
CUST00730,Wholesale,Semarang,Small,2249520739.0,109284241.0,45,10
CUST00731,Wholesale,Surabaya,Small,2322214674.0,120640797.0,11,13
CUST00732,Technology,Yogyakarta,Small,2865599705.0,211497615.0,19,2
CUST00733,Healthcare,Jakarta,Small,2425658341.0,198643129.0,44,5
CUST00734,Construction,Makassar,Medium,15190284001.0,1591648453.0,191,6
CUST00735,Retail,Bandung,Medium,13632507291.0,530732734.0,145,5
CUST00736,Technology,Medan,Small,2200077498.0,198981634.0,41,3
CUST00737,Retail,Yogyakarta,Small,1336623875.0,69390849.0,6,4
CUST00738,Technology,Yogyakarta,Large,59563191399.0,5889430927.0,2299,7
CUST00739,Retail,Bandung,Small,2277415960.0,242518731.0,17,4
CUST00740,Retail,Yogyakarta,Small,2068443726.0,200235924.0,44,9
CUST00741,Construction,Jakarta,Medium,17078753712.0,2025462674.0,277,11
CUST00742,Wholesale,Jakarta,Small,1894767313.0,133151191.0,47,12
CUST00743,Education,Bandung,Small,1842379112.0,224425342.0,47,14
CUST00744,Construction,Medan,Small,1608117494.0,131756363.0,35,13
CUST00745,Wholesale,Semarang,Medium,11841676430.0,1043277032.0,54,13
CUST00746,Logistics,Surabaya,Small,2297794453.0,247638490.0,46,10
CUST00747,Retail,Semarang,Medium,9293775489.0,299287509.0,209,2
CUST00748,Construction,Yogyakarta,Large,52537958909.0,5699281351.0,1416,5
CUST00749,Logistics,Surabaya,Small,1486354027.0,154923004.0,32,8
CUST00750,Agriculture,Bandung,Small,1456383600.0,97842259.0,36,14
CUST00751,Manufacturing,Bandung,Small,918230488.0,37000386.0,48,5
CUST00752,Logistics,Medan,Small,1802613518.0,73748982.0,14,10
CUST00753,Agriculture,Surabaya,Small,929741406.0,130895364.0,22,12
CUST00754,Retail,Jakarta,Large,115674831889.0,13038117310.0,599,8
CUST00755,Manufacturing,Surabaya,Medium,14892938447.0,673939922.0,202,8
CUST00756,Education,Yogyakarta,Medium,22652151695.0,1649230232.0,217,9
CUST00757,Agriculture,Jakarta,Small,1266714471.0,128062248.0,12,10
CUST00758,Construction,Makassar,Medium,13035234630.0,1698081826.0,265,6
CUST00759,Logistics,Makassar,Large,15557165210.0,548223790.0,2825,12
CUST00760,Education,Makassar,Medium,9315908467.0,544011565.0,255,4
CUST00761,Manufacturing,Bandung,Small,3703624147.0,506544226.0,44,12
CUST00762,Retail,Surabaya,Medium,12018288427.0,373767160.0,180,11
CUST00763,Wholesale,Makassar,Small,1686094918.0,91332208.0,21,3
CUST00764,Education,Semarang,Small,2322342890.0,336932244.0,6,12
CUST00765,Manufacturing,Medan,Small,2973321520.0,308060555.0,19,14
CUST00766,Agriculture,Semarang,Medium,17320398401.0,1063482230.0,261,5
CUST00767,Education,Makassar,Medium,18658480893.0,709748673.0,288,6
CUST00768,Technology,Medan,Small,1869367766.0,62405031.0,8,3
CUST00769,Retail,Yogyakarta,Small,3675025219.0,218184077.0,10,2
CUST00770,Technology,Semarang,Small,2270798459.0,308325151.0,42,7
CUST00771,Manufacturing,Surabaya,Small,2224506779.0,177759533.0,30,11
CUST00772,Technology,Surabaya,Small,1239600418.0,144339078.0,15,5
CUST00773,Manufacturing,Semarang,Small,1183640626.0,165939556.0,30,9
CUST00774,Retail,Makassar,Medium,15470529212.0,1221628102.0,141,3
CUST00775,Education,Surabaya,Small,1052614075.0,55739373.0,28,14
CUST00776,Manufacturing,Yogyakarta,Small,2842716703.0,261683875.0,32,8
CUST00777,Wholesale,Jakarta,Small,1366368333.0,189884265.0,39,6
CUST00778,Healthcare,Makassar,Large,74728475187.0,9455015069.0,2006,4
CUST00779,Healthcare,Yogyakarta,Medium,22823365751.0,864996004.0,287,12
CUST00780,Agriculture,Medan,Medium,5490804217.0,621057925.0,274,12
CUST00781,Healthcare,Yogyakarta,Small,1172935915.0,115683975.0,20,9
CUST00782,Construction,Makassar,Medium,10149469551.0,1409716472.0,191,5
CUST00783,Wholesale,Medan,Small,2552252036.0,114079975.0,47,10
CUST00784,Retail,Makassar,Medium,10013716092.0,942133805.0,225,6
CUST00785,Wholesale,Surabaya,Large,52028133337.0,7051660274.0,1683,14
CUST00786,Logistics,Jakarta,Medium,15110535592.0,1196797551.0,242,13
CUST00787,Agriculture,Makassar,Medium,21407054931.0,1880382650.0,129,9
CUST00788,Retail,Makassar,Medium,26931249060.0,1035648759.0,131,7
CUST00789,Construction,Surabaya,Small,3469051175.0,219858878.0,49,12
CUST00790,Logistics,Bandung,Large,50243128220.0,3463801348.0,1475,5
CUST00791,Manufacturing,Surabaya,Small,1173728112.0,168329858.0,32,2
CUST00792,Agriculture,Medan,Small,1597474982.0,102110734.0,43,4
CUST00793,Construction,Surabaya,Small,4303207179.0,367081853.0,42,2
CUST00794,Agriculture,Surabaya,Small,1933848976.0,213799634.0,13,3
CUST00795,Manufacturing,Jakarta,Small,447986181.0,22158295.0,16,10
CUST00796,Technology,Surabaya,Small,1032653416.0,91258770.0,19,12
CUST00797,Logistics,Makassar,Small,1652262010.0,195999060.0,25,3
CUST00798,Agriculture,Jakarta,Medium,14121308133.0,1892574792.0,233,4
CUST00799,Healthcare,Semarang,Small,1768695240.0,185980273.0,46,6
CUST00800,Logistics,Bandung,Small,3214402283.0,354504926.0,37,12
CUST00801,Healthcare,Jakarta,Medium,27104536777.0,1223878707.0,234,3
CUST00802,Manufacturing,Medan,Small,826310677.0,118569946.0,27,10
CUST00803,Agriculture,Semarang,Medium,25707534475.0,1180204354.0,212,14
CUST00804,Agriculture,Jakarta,Medium,7720043585.0,949262368.0,137,1
CUST00805,Retail,Jakarta,Medium,12640006908.0,780873824.0,146,1
CUST00806,Education,Bandung,Medium,12924309857.0,1835654944.0,193,9
CUST00807,Logistics,Makassar,Small,1707634176.0,198760327.0,28,9
CUST00808,Logistics,Medan,Medium,22106413334.0,2662886502.0,270,5
CUST00809,Construction,Yogyakarta,Small,1148177851.0,64627602.0,29,9
CUST00810,Manufacturing,Yogyakarta,Small,2692506941.0,223921794.0,27,11
CUST00811,Hospitality,Jakarta,Medium,7982020466.0,831228322.0,272,7
CUST00812,Technology,Surabaya,Small,2950142581.0,361088112.0,20,9
CUST00813,Manufacturing,Medan,Medium,17149558423.0,728429640.0,290,12
CUST00814,Logistics,Semarang,Medium,9208096554.0,1339629227.0,231,7
CUST00815,Technology,Surabaya,Medium,12288421872.0,1681381515.0,296,9
CUST00816,Construction,Surabaya,Large,63414776910.0,3959734774.0,2023,2
CUST00817,Agriculture,Medan,Small,1328771123.0,171054340.0,19,11
CUST00818,Retail,Makassar,Small,1449727341.0,133663224.0,5,11
CUST00819,Manufacturing,Jakarta,Medium,10553596297.0,901454190.0,271,8
CUST00820,Retail,Jakarta,Small,1647853804.0,111612587.0,5,7
CUST00821,Technology,Jakarta,Medium,25547664815.0,2547516831.0,280,6
CUST00822,Manufacturing,Jakarta,Medium,31858553957.0,3746142039.0,176,5
CUST00823,Retail,Yogyakarta,Medium,9628358168.0,763643848.0,204,4
CUST00824,Retail,Jakarta,Small,2443511374.0,257805852.0,30,7
CUST00825,Construction,Yogyakarta,Small,1708539438.0,194632628.0,27,3
CUST00826,Logistics,Yogyakarta,Small,1277525210.0,147342882.0,49,8
CUST00827,Retail,Makassar,Small,1573978768.0,57034587.0,47,2
CUST00828,Retail,Jakarta,Medium,14052014033.0,1871303009.0,104,1
CUST00829,Education,Bandung,Small,2107337007.0,179103410.0,42,11
CUST00830,Construction,Semarang,Small,1367443416.0,84084000.0,37,2
CUST00831,Wholesale,Surabaya,Small,2396116866.0,141399028.0,11,9
CUST00832,Construction,Yogyakarta,Medium,25134158594.0,2210843156.0,65,5
CUST00833,Manufacturing,Medan,Medium,15995611889.0,2182117931.0,61,11
CUST00834,Wholesale,Medan,Small,1288038399.0,97120298.0,36,8
CUST00835,Construction,Semarang,Small,1471189465.0,176494318.0,24,3
CUST00836,Retail,Medan,Small,1474876169.0,61381762.0,21,7
CUST00837,Logistics,Bandung,Small,1700386571.0,148149248.0,40,2
CUST00838,Retail,Medan,Medium,13319554361.0,1984644726.0,236,8
CUST00839,Agriculture,Surabaya,Medium,9304220476.0,1139325396.0,142,14
CUST00840,Agriculture,Surabaya,Small,2367879458.0,130857114.0,31,7
CUST00841,Manufacturing,Yogyakarta,Small,3678318780.0,331684954.0,44,12
CUST00842,Healthcare,Jakarta,Large,91504293834.0,5310449097.0,2540,5
CUST00843,Wholesale,Makassar,Small,1876365103.0,148509253.0,24,12
CUST00844,Hospitality,Bandung,Medium,10431574420.0,1289447778.0,299,11
CUST00845,Manufacturing,Yogyakarta,Small,1450054333.0,177699776.0,40,4
CUST00846,Retail,Bandung,Small,1777805787.0,101996354.0,9,1
CUST00847,Manufacturing,Jakarta,Small,2904483573.0,408564405.0,27,5
CUST00848,Hospitality,Medan,Small,1975551916.0,199744462.0,49,12
CUST00849,Construction,Medan,Large,61246487368.0,4629678016.0,1251,9
CUST00850,Agriculture,Makassar,Small,1438132479.0,129765958.0,10,10
CUST00851,Manufacturing,Jakarta,Small,1938349788.0,198891262.0,37,4
CUST00852,Education,Yogyakarta,Small,2985124885.0,290114926.0,23,13
CUST00853,Wholesale,Makassar,Small,4092294717.0,361630372.0,17,9
CUST00854,Logistics,Jakarta,Small,1823123632.0,165160300.0,33,12
CUST00855,Wholesale,Semarang,Small,1960133825.0,100298929.0,10,2
CUST00856,Wholesale,Surabaya,Medium,14109988074.0,1799417833.0,62,4
CUST00857,Manufacturing,Makassar,Small,4786425241.0,454764190.0,20,9
CUST00858,Construction,Makassar,Small,1064703017.0,48688425.0,28,4
CUST00859,Agriculture,Yogyakarta,Large,68335211236.0,8332717222.0,2859,5
CUST00860,Manufacturing,Bandung,Small,1696803186.0,240764965.0,14,11
CUST00861,Education,Semarang,Large,107135284511.0,15392857836.0,1071,8
CUST00862,Construction,Yogyakarta,Small,1213666051.0,90153697.0,45,1
CUST00863,Construction,Jakarta,Medium,14064418811.0,650648492.0,282,1
CUST00864,Construction,Jakarta,Medium,21374830345.0,1970929399.0,255,9
CUST00865,Retail,Jakarta,Medium,17147937178.0,746160034.0,171,9
CUST00866,Agriculture,Jakarta,Large,53654551732.0,7623157704.0,547,4
CUST00867,Manufacturing,Bandung,Small,1492231207.0,77640126.0,48,13
CUST00868,Wholesale,Semarang,Large,108485253510.0,6545121813.0,2783,2
CUST00869,Technology,Medan,Small,2051350814.0,161639025.0,23,13
CUST00870,Logistics,Surabaya,Small,1588327540.0,120680708.0,33,9
CUST00871,Retail,Bandung,Small,3431454817.0,430165622.0,6,14
CUST00872,Wholesale,Bandung,Small,1812582629.0,153630912.0,40,4
CUST00873,Agriculture,Medan,Small,994254326.0,50202080.0,23,6
CUST00874,Retail,Medan,Medium,24243335161.0,1504667141.0,270,12
CUST00875,Manufacturing,Surabaya,Small,2237317454.0,203805315.0,30,1
CUST00876,Manufacturing,Surabaya,Medium,13592061168.0,648266155.0,204,12
CUST00877,Healthcare,Medan,Medium,25666596274.0,2653892202.0,50,9
CUST00878,Healthcare,Jakarta,Small,1564131337.0,153112311.0,7,5
CUST00879,Manufacturing,Bandung,Small,3464967412.0,401119451.0,42,3
CUST00880,Wholesale,Yogyakarta,Small,1606288230.0,228935513.0,20,4
CUST00881,Wholesale,Surabaya,Small,3804748298.0,530650328.0,6,1
CUST00882,Healthcare,Surabaya,Small,1516521891.0,217664983.0,35,14
CUST00883,Manufacturing,Medan,Small,2314985773.0,137431148.0,32,9
CUST00884,Manufacturing,Semarang,Small,1636137003.0,74915174.0,11,14
CUST00885,Education,Yogyakarta,Large,70453256274.0,4669163030.0,2836,8
CUST00886,Wholesale,Yogyakarta,Medium,11611405968.0,1595525857.0,282,4
CUST00887,Healthcare,Surabaya,Small,2793887364.0,409713571.0,11,2
CUST00888,Wholesale,Jakarta,Medium,35911047475.0,4780442518.0,285,14
CUST00889,Manufacturing,Semarang,Small,1499528706.0,64782829.0,33,9
CUST00890,Wholesale,Yogyakarta,Small,1855858723.0,266670863.0,28,4
CUST00891,Healthcare,Surabaya,Medium,8998790577.0,727128945.0,144,9
CUST00892,Technology,Yogyakarta,Small,2127988586.0,66217121.0,8,10
CUST00893,Technology,Makassar,Small,1457787060.0,121123516.0,33,3
CUST00894,Retail,Semarang,Large,64042877466.0,2275334587.0,1614,7
CUST00895,Healthcare,Semarang,Medium,11173773139.0,1064473415.0,295,7
CUST00896,Wholesale,Makassar,Medium,9867547112.0,696910151.0,270,10
CUST00897,Wholesale,Bandung,Medium,14233815841.0,1235668754.0,172,13
CUST00898,Logistics,Makassar,Medium,31728363366.0,3286437942.0,236,4
CUST00899,Manufacturing,Medan,Small,1180136343.0,158440540.0,30,2
CUST00900,Manufacturing,Medan,Small,3350946423.0,366687999.0,23,11
CUST00901,Wholesale,Surabaya,Small,2321586810.0,190569460.0,30,9
CUST00902,Manufacturing,Semarang,Small,2542575551.0,326292134.0,41,4
CUST00903,Wholesale,Bandung,Small,1296849700.0,179833962.0,31,8
CUST00904,Agriculture,Bandung,Small,1286213900.0,57070849.0,34,14
CUST00905,Retail,Yogyakarta,Large,64798843827.0,6080202347.0,1302,2
CUST00906,Logistics,Yogyakarta,Large,45445120155.0,2914915228.0,958,8
CUST00907,Technology,Makassar,Medium,21046983390.0,750269052.0,130,11
CUST00908,Retail,Bandung,Small,1124603419.0,123960091.0,11,10
CUST00909,Wholesale,Makassar,Medium,16276644056.0,2173460863.0,100,5
CUST00910,Retail,Makassar,Small,1395761824.0,69157651.0,45,7
CUST00911,Agriculture,Yogyakarta,Medium,18565788252.0,2366945640.0,188,7
CUST00912,Wholesale,Semarang,Small,1138859098.0,150793472.0,17,12
CUST00913,Agriculture,Makassar,Medium,29709696079.0,4151064082.0,120,9
CUST00914,Retail,Jakarta,Small,1189501779.0,73551904.0,9,3
CUST00915,Agriculture,Semarang,Medium,6493804712.0,899225502.0,88,10
CUST00916,Retail,Bandung,Large,95992157805.0,6573497905.0,2261,4
CUST00917,Wholesale,Bandung,Small,1950933498.0,187836973.0,31,10
CUST00918,Logistics,Makassar,Small,2487660193.0,89707257.0,31,4
CUST00919,Education,Semarang,Large,77055953371.0,2717434493.0,1747,13
CUST00920,Manufacturing,Yogyakarta,Small,2008912348.0,233927367.0,36,10
CUST00921,Technology,Yogyakarta,Medium,7153011986.0,596114833.0,70,5
CUST00922,Construction,Medan,Medium,29534100280.0,1794346774.0,131,14
CUST00923,Logistics,Bandung,Small,2898763404.0,153198543.0,17,6
CUST00924,Education,Surabaya,Small,2887382154.0,318750875.0,33,3
CUST00925,Retail,Medan,Small,2952010767.0,88702566.0,39,13
CUST00926,Manufacturing,Yogyakarta,Medium,12702847382.0,1609538925.0,118,4
CUST00927,Wholesale,Semarang,Small,2580248915.0,101945513.0,33,3
CUST00928,Construction,Yogyakarta,Small,2739302455.0,145124830.0,35,2
CUST00929,Agriculture,Semarang,Small,2662053702.0,203243454.0,45,10
CUST00930,Wholesale,Medan,Medium,17632369027.0,1554876058.0,111,12
CUST00931,Manufacturing,Bandung,Medium,8709111099.0,632276361.0,168,9
CUST00932,Technology,Yogyakarta,Large,87895030831.0,6019531600.0,2752,1
CUST00933,Hospitality,Makassar,Small,1771054592.0,257989383.0,16,2
CUST00934,Construction,Semarang,Medium,34301720720.0,3669926067.0,183,8
CUST00935,Wholesale,Bandung,Medium,8869867021.0,291037674.0,248,7
CUST00936,Wholesale,Surabaya,Medium,18959385332.0,1547486057.0,75,12
CUST00937,Manufacturing,Semarang,Large,39873113745.0,5382911982.0,578,1
CUST00938,Logistics,Medan,Small,1602247507.0,106028316.0,38,5
CUST00939,Manufacturing,Surabaya,Small,1372863950.0,56763478.0,7,10
CUST00940,Agriculture,Surabaya,Medium,22290899180.0,2697336393.0,250,6
CUST00941,Wholesale,Jakarta,Small,2217407096.0,227775737.0,8,5
CUST00942,Agriculture,Yogyakarta,Medium,14444055364.0,1421836713.0,53,4
CUST00943,Healthcare,Semarang,Medium,17426781987.0,634843502.0,70,14
CUST00944,Technology,Surabaya,Small,869673819.0,40752812.0,29,13
CUST00945,Wholesale,Jakarta,Medium,7013202183.0,734323840.0,198,1
CUST00946,Manufacturing,Medan,Small,962701470.0,52889722.0,22,7
CUST00947,Manufacturing,Bandung,Small,1160767822.0,105036034.0,46,9
CUST00948,Logistics,Makassar,Medium,10923104493.0,1041909086.0,280,6
CUST00949,Technology,Makassar,Large,50574570414.0,3237827635.0,2467,3
CUST00950,Agriculture,Semarang,Small,1270294013.0,182682276.0,21,10
CUST00951,Agriculture,Surabaya,Small,1765360564.0,231431166.0,30,14
CUST00952,Healthcare,Makassar,Medium,17532152652.0,2045736092.0,226,4
CUST00953,Wholesale,Yogyakarta,Medium,28909248901.0,1137846759.0,92,10
CUST00954,Logistics,Makassar,Medium,7650420256.0,326945318.0,218,5
CUST00955,Retail,Makassar,Small,4722723161.0,420954080.0,6,12
CUST00956,Retail,Makassar,Small,2879444447.0,141915153.0,28,12
CUST00957,Construction,Jakarta,Small,1814147661.0,267390590.0,35,1
CUST00958,Manufacturing,Surabaya,Medium,17793760074.0,872293324.0,224,5
CUST00959,Wholesale,Yogyakarta,Small,2467411156.0,218356364.0,6,1
CUST00960,Education,Surabaya,Small,2511831882.0,185108262.0,18,9
CUST00961,Manufacturing,Semarang,Large,67947219567.0,7251760135.0,1907,7
CUST00962,Agriculture,Semarang,Small,1326737385.0,60345813.0,17,3
CUST00963,Wholesale,Semarang,Large,89385000912.0,7297210145.0,690,9
CUST00964,Retail,Medan,Medium,17607900978.0,1108674511.0,133,2
CUST00965,Wholesale,Makassar,Medium,7944801037.0,1084705139.0,83,12
CUST00966,Retail,Medan,Small,1473143813.0,51368945.0,12,7
CUST00967,Healthcare,Jakarta,Small,2419718128.0,337907102.0,6,9
CUST00968,Wholesale,Semarang,Medium,18843067163.0,2448831755.0,201,6
CUST00969,Agriculture,Yogyakarta,Medium,14167546338.0,930928020.0,197,10
CUST00970,Construction,Surabaya,Medium,10343489842.0,1289987079.0,246,5
CUST00971,Healthcare,Makassar,Small,1941495595.0,65516987.0,48,12
CUST00972,Logistics,Bandung,Medium,35789586634.0,5226133804.0,79,7
CUST00973,Education,Yogyakarta,Medium,18313452213.0,1706656124.0,137,14
CUST00974,Wholesale,Makassar,Medium,6973325890.0,462985068.0,284,6
CUST00975,Manufacturing,Medan,Medium,19219102031.0,1412795912.0,281,5
CUST00976,Wholesale,Medan,Medium,13741847003.0,521759275.0,56,14
CUST00977,Agriculture,Yogyakarta,Medium,15031089512.0,2235452818.0,85,2
CUST00978,Manufacturing,Medan,Small,1800177762.0,62493231.0,24,8
CUST00979,Construction,Semarang,Small,1057335483.0,114814849.0,14,13
CUST00980,Agriculture,Jakarta,Small,2683398479.0,223066384.0,33,7
CUST00981,Retail,Surabaya,Small,863856929.0,124283050.0,45,6
CUST00982,Education,Jakarta,Small,3177331366.0,189114664.0,38,5
CUST00983,Manufacturing,Makassar,Small,2426501555.0,227728187.0,41,5
CUST00984,Manufacturing,Surabaya,Small,2430682441.0,213615045.0,24,9
CUST00985,Healthcare,Surabaya,Small,755185201.0,86350876.0,12,1
CUST00986,Construction,Jakarta,Medium,13282211498.0,506865499.0,221,9
CUST00987,Healthcare,Yogyakarta,Large,361182181642.0,19234647141.0,1578,6
CUST00988,Retail,Surabaya,Small,1583715375.0,88288614.0,15,4
CUST00989,Wholesale,Jakarta,Large,57262775930.0,6790110631.0,1787,10
CUST00990,Technology,Surabaya,Small,1501771840.0,79138335.0,22,14
CUST00991,Education,Bandung,Small,1939484566.0,191657948.0,46,7
CUST00992,Healthcare,Yogyakarta,Small,1363466669.0,76121333.0,33,9
CUST00993,Wholesale,Semarang,Small,3484640683.0,464833623.0,29,5
CUST00994,Agriculture,Surabaya,Medium,14168468749.0,2026973083.0,70,14
CUST00995,Retail,Bandung,Medium,10872881483.0,1002687964.0,64,5
CUST00996,Manufacturing,Semarang,Small,1113538289.0,80483281.0,22,8
CUST00997,Logistics,Semarang,Small,2487176554.0,144472458.0,28,7
CUST00998,Manufacturing,Makassar,Small,2461810397.0,88560478.0,42,13
CUST00999,Hospitality,Surabaya,Small,1400253334.0,87123775.0,14,13
CUST01000,Construction,Jakarta,Small,731103032.0,79330742.0,31,8
