customer_id,product_id,start_month
CUST00001,P004,6
CUST00001,P008,6
CUST00002,P002,2
CUST00002,P005,1
CUST00002,P009,8
CUST00003,P004,8
CUST00003,P009,3
CUST00004,P010,7
CUST00004,P009,12
CUST00004,P001,8
CUST00005,P007,10
CUST00005,P001,9
CUST00006,P008,9
CUST00006,P007,3
CUST00007,P009,3
CUST00007,P003,10
CUST00008,P008,7
CUST00008,P007,1
CUST00008,P005,6
CUST00009,P006,6
CUST00009,P001,12
CUST00010,P001,2
CUST00011,P005,1
CUST00011,P001,9
CUST00012,P002,9
CUST00012,P006,4
CUST00012,P010,12
CUST00013,P010,12
CUST00013,P009,7
CUST00014,P005,7
CUST00015,P007,8
CUST00015,P002,8
CUST00016,P004,12
CUST00016,P003,2
CUST00016,P005,2
CUST00017,P009,10
CUST00017,P006,4
CUST00018,P004,9
CUST00018,P002,4
CUST00018,P006,3
CUST00018,P007,2
CUST00019,P006,12
CUST00019,P007,5
CUST00020,P001,11
CUST00020,P008,11
CUST00020,P002,2
CUST00021,P009,2
CUST00021,P010,5
CUST00021,P006,6
CUST00022,P007,7
CUST00022,P004,1
CUST00022,P002,3
CUST00023,P002,7
CUST00023,P005,9
CUST00023,P007,3
CUST00024,P006,12
CUST00024,P009,1
CUST00025,P009,7
CUST00025,P010,4
CUST00025,P003,2
CUST00025,P002,5
CUST00026,P007,6
CUST00026,P009,1
CUST00026,P004,3
CUST00027,P008,8
CUST00027,P007,11
CUST00028,P005,8
CUST00028,P003,6
CUST00029,P010,7
CUST00029,P007,8
CUST00029,P008,12
CUST00030,P007,9
CUST00031,P007,6
CUST00032,P006,11
CUST00033,P008,8
CUST00033,P007,6
CUST00033,P003,1
CUST00033,P002,12
CUST00034,P004,8
CUST00035,P003,7
CUST00035,P005,12
CUST00036,P009,7
CUST00036,P007,5
CUST00037,P001,6
CUST00037,P005,2
CUST00038,P005,2
CUST00038,P007,8
CUST00038,P001,11
CUST00039,P006,6
CUST00040,P006,7
CUST00040,P009,3
CUST00041,P002,2
CUST00041,P001,11
CUST00041,P003,7
CUST00041,P007,3
CUST00042,P009,9
CUST00043,P007,6
CUST00044,P008,8
CUST00044,P005,7
CUST00044,P001,4
CUST00045,P005,4
CUST00045,P010,1
CUST00046,P003,1
CUST00047,P004,4
CUST00048,P004,6
CUST00048,P003,4
CUST00049,P002,3
CUST00049,P005,2
CUST00050,P003,11
CUST00050,P001,9
CUST00050,P007,2
CUST00051,P002,5
CUST00051,P008,8
CUST00052,P010,6
CUST00052,P006,8
CUST00053,P010,2
CUST00053,P001,8
CUST00054,P008,8
CUST00054,P010,9
CUST00055,P001,9
CUST00055,P006,8
CUST00056,P007,6
CUST00056,P006,8
CUST00056,P001,7
CUST00057,P004,4
CUST00057,P001,4
CUST00057,P008,5
CUST00057,P009,2
CUST00058,P005,4
CUST00059,P005,3
CUST00059,P002,1
CUST00059,P004,9
CUST00060,P006,12
CUST00060,P008,3
CUST00061,P009,1
CUST00062,P005,8
CUST00063,P006,9
CUST00063,P003,6
CUST00064,P009,11
CUST00064,P006,8
CUST00064,P008,6
CUST00065,P007,12
CUST00065,P005,1
CUST00066,P005,3
CUST00066,P004,4
CUST00067,P005,5
CUST00067,P002,1
CUST00068,P009,5
CUST00068,P005,11
CUST00068,P008,3
CUST00069,P007,11
CUST00070,P005,10
CUST00071,P010,7
CUST00071,P006,8
CUST00072,P006,7
CUST00072,P008,6
CUST00072,P007,5
CUST00072,P009,4
CUST00073,P001,6
CUST00073,P007,5
CUST00073,P010,2
CUST00073,P003,9
CUST00074,P007,4
CUST00074,P006,4
CUST00075,P006,12
CUST00075,P005,12
CUST00076,P004,11
CUST00076,P009,7
CUST00077,P003,6
CUST00077,P005,9
CUST00077,P004,9
CUST00078,P008,9
CUST00079,P008,5
CUST00079,P005,12
CUST00080,P009,2
CUST00081,P009,7
CUST00081,P004,11
CUST00082,P003,1
CUST00082,P007,11
CUST00083,P001,12
CUST00083,P006,11
CUST00083,P005,10
CUST00084,P007,12
CUST00084,P005,10
CUST00085,P001,6
CUST00085,P007,12
CUST00086,P010,10
CUST00086,P006,4
CUST00087,P010,6
CUST00087,P007,7
CUST00088,P007,12
CUST00088,P001,6
CUST00088,P010,2
CUST00089,P009,11
CUST00089,P006,8
CUST00089,P001,3
CUST00089,P003,6
CUST00090,P006,3
CUST00090,P001,12
CUST00091,P007,12
CUST00092,P004,8
CUST00092,P010,8
CUST00092,P001,11
CUST00093,P005,1
CUST00093,P002,7
CUST00094,P009,6
CUST00094,P003,10
CUST00094,P005,12
CUST00095,P005,9
CUST00096,P008,2
CUST00096,P006,3
CUST00096,P005,12
CUST00096,P001,9
CUST00097,P003,4
CUST00098,P006,9
CUST00098,P008,10
CUST00098,P010,4
CUST00099,P005,7
CUST00099,P009,4
CUST00099,P004,11
CUST00099,P007,8
CUST00100,P003,6
CUST00100,P007,10
CUST00101,P002,3
CUST00101,P007,8
CUST00101,P006,1
CUST00101,P001,1
CUST00102,P006,12
CUST00103,P007,1
CUST00103,P005,6
CUST00104,P004,3
CUST00104,P010,2
CUST00105,P009,6
CUST00105,P008,9
CUST00105,P006,11
CUST00106,P002,7
CUST00106,P001,5
CUST00106,P010,7
CUST00106,P008,9
CUST00107,P006,3
CUST00107,P010,9
CUST00107,P009,9
CUST00108,P005,8
CUST00108,P003,3
CUST00108,P004,11
CUST00109,P005,12
CUST00109,P008,6
CUST00110,P002,9
CUST00111,P008,4
CUST00111,P003,4
CUST00112,P008,4
CUST00112,P007,11
CUST00112,P001,6
CUST00113,P005,5
CUST00113,P007,9
CUST00114,P005,11
CUST00115,P001,2
CUST00115,P010,6
CUST00115,P007,8
CUST00115,P006,8
CUST00116,P006,10
CUST00116,P003,6
CUST00117,P005,9
CUST00117,P003,8
CUST00117,P006,9
CUST00118,P001,12
CUST00119,P010,6
CUST00119,P009,9
CUST00119,P005,9
CUST00119,P001,5
CUST00120,P010,8
CUST00120,P009,1
CUST00120,P001,7
CUST00120,P002,3
CUST00121,P007,8
CUST00121,P009,9
CUST00122,P008,1
CUST00122,P005,6
CUST00123,P006,3
CUST00123,P005,1
CUST00124,P008,1
CUST00124,P002,11
CUST00125,P008,12
CUST00126,P005,4
CUST00126,P001,5
CUST00127,P005,2
CUST00127,P006,6
CUST00128,P001,1
CUST00129,P001,9
CUST00130,P007,8
CUST00131,P009,8
CUST00131,P008,7
CUST00132,P002,5
CUST00132,P007,8
CUST00132,P008,9
CUST00132,P004,12
CUST00133,P002,6
CUST00133,P009,11
CUST00134,P006,5
CUST00134,P008,5
CUST00134,P007,6
CUST00134,P001,5
CUST00135,P010,6
CUST00135,P005,12
CUST00136,P001,2
CUST00137,P004,11
CUST00137,P001,4
CUST00138,P004,10
CUST00139,P010,7
CUST00140,P004,3
CUST00140,P005,7
CUST00140,P006,11
CUST00141,P002,2
CUST00141,P005,1
CUST00142,P010,3
CUST00142,P001,10
CUST00143,P005,10
CUST00143,P010,11
CUST00143,P002,6
CUST00143,P001,2
CUST00144,P009,11
CUST00145,P009,1
CUST00145,P001,12
CUST00145,P008,7
CUST00146,P001,5
CUST00146,P007,6
CUST00146,P005,3
CUST00146,P002,12
CUST00147,P006,9
CUST00147,P007,6
CUST00147,P008,11
CUST00148,P001,4
CUST00149,P005,2
CUST00149,P002,2
CUST00149,P008,11
CUST00150,P008,3
CUST00150,P009,11
CUST00151,P007,4
CUST00151,P009,2
CUST00151,P005,9
CUST00151,P002,3
CUST00152,P004,7
CUST00152,P007,10
CUST00152,P009,1
CUST00153,P005,2
CUST00153,P002,8
CUST00154,P006,5
CUST00154,P002,2
CUST00155,P010,9
CUST00156,P007,2
CUST00156,P008,1
CUST00156,P002,8
CUST00157,P006,6
CUST00158,P009,2
CUST00158,P008,11
CUST00159,P009,9
CUST00159,P008,7
CUST00160,P006,10
CUST00160,P003,8
CUST00161,P007,2
CUST00161,P006,11
CUST00161,P001,9
CUST00161,P009,7
CUST00162,P002,7
CUST00162,P008,7
CUST00163,P002,7
CUST00163,P001,8
CUST00163,P010,7
CUST00163,P007,6
CUST00164,P010,6
CUST00164,P002,1
CUST00165,P002,2
CUST00165,P005,8
CUST00165,P001,12
CUST00166,P002,7
CUST00166,P010,5
CUST00167,P010,12
CUST00167,P006,9
CUST00168,P001,3
CUST00169,P010,5
CUST00169,P001,3
CUST00170,P007,7
CUST00170,P001,11
CUST00171,P003,8
CUST00171,P009,9
CUST00172,P001,2
CUST00173,P002,10
CUST00173,P005,10
CUST00174,P005,9
CUST00174,P001,5
CUST00174,P007,2
CUST00175,P007,8
CUST00175,P004,11
CUST00175,P002,4
CUST00176,P002,4
CUST00176,P001,1
CUST00177,P006,8
CUST00178,P009,9
CUST00178,P005,6
CUST00179,P004,1
CUST00179,P008,1
CUST00180,P002,5
CUST00180,P008,5
CUST00181,P001,8
CUST00181,P006,1
CUST00182,P007,10
CUST00182,P006,2
CUST00182,P004,11
CUST00183,P005,3
CUST00183,P008,6
CUST00183,P001,4
CUST00184,P004,3
CUST00184,P010,9
CUST00185,P008,9
CUST00185,P001,4
CUST00186,P009,5
CUST00186,P006,8
CUST00186,P005,11
CUST00187,P004,6
CUST00187,P008,7
CUST00188,P008,11
CUST00188,P007,10
CUST00188,P005,7
CUST00189,P001,4
CUST00189,P002,5
CUST00189,P006,11
CUST00190,P001,5
CUST00190,P008,8
CUST00190,P007,4
CUST00190,P010,10
CUST00191,P001,10
CUST00191,P010,9
CUST00192,P006,11
CUST00192,P001,9
CUST00193,P010,5
CUST00194,P010,2
CUST00195,P010,5
CUST00195,P007,4
CUST00195,P009,8
CUST00196,P006,3
CUST00196,P009,5
CUST00197,P009,7
CUST00198,P008,2
CUST00198,P010,9
CUST00199,P001,11
CUST00199,P005,5
CUST00200,P003,2
CUST00200,P008,8
CUST00200,P006,1
CUST00201,P007,10
CUST00202,P010,3
CUST00203,P007,8
CUST00204,P001,1
CUST00205,P008,4
CUST00205,P002,3
CUST00205,P010,2
CUST00205,P004,3
CUST00206,P007,12
CUST00206,P005,3
CUST00207,P002,2
CUST00207,P008,3
CUST00207,P001,6
CUST00208,P006,2
CUST00208,P004,3
CUST00208,P005,7
CUST00209,P005,9
CUST00210,P008,9
CUST00210,P005,12
CUST00210,P004,7
CUST00211,P008,11
CUST00212,P005,12
CUST00213,P009,2
CUST00213,P002,10
CUST00214,P007,2
CUST00214,P003,2
CUST00215,P005,1
CUST00215,P002,6
CUST00215,P009,3
CUST00216,P008,8
CUST00216,P005,8
CUST00217,P006,12
CUST00217,P004,10
CUST00217,P009,4
CUST00218,P006,2
CUST00218,P003,11
CUST00219,P007,3
CUST00219,P001,10
CUST00220,P010,12
CUST00220,P004,9
CUST00221,P001,1
CUST00221,P010,11
CUST00222,P005,2
CUST00223,P003,4
CUST00223,P005,2
CUST00224,P009,10
CUST00225,P001,1
CUST00225,P007,8
CUST00225,P005,4
CUST00225,P006,10
CUST00226,P009,12
CUST00226,P008,10
CUST00227,P008,12
CUST00227,P007,10
CUST00228,P004,4
CUST00229,P007,9
CUST00230,P007,9
CUST00230,P010,7
CUST00230,P003,8
CUST00231,P006,12
CUST00231,P003,1
CUST00231,P005,10
CUST00232,P002,10
CUST00232,P005,11
CUST00233,P007,11
CUST00233,P010,4
CUST00234,P009,5
CUST00234,P003,7
CUST00234,P004,4
CUST00235,P009,7
CUST00235,P001,2
CUST00236,P006,1
CUST00237,P005,1
CUST00237,P007,9
CUST00238,P007,12
CUST00239,P001,12
CUST00239,P005,12
CUST00240,P010,4
CUST00240,P007,12
CUST00240,P003,11
CUST00241,P010,9
CUST00241,P003,2
CUST00241,P001,7
CUST00242,P001,8
CUST00242,P005,1
CUST00243,P001,1
CUST00244,P003,1
CUST00244,P007,7
CUST00244,P006,8
CUST00245,P007,1
CUST00245,P008,12
CUST00246,P009,2
CUST00246,P001,2
CUST00247,P005,6
CUST00248,P006,5
CUST00249,P005,11
CUST00249,P001,12
CUST00249,P006,3
CUST00249,P007,8
CUST00249,P003,9
CUST00250,P006,5
CUST00251,P007,3
CUST00251,P005,3
CUST00251,P010,8
CUST00251,P008,4
CUST00252,P001,4
CUST00252,P002,8
CUST00252,P010,6
CUST00253,P010,3
CUST00254,P009,3
CUST00255,P009,11
CUST00256,P001,9
CUST00256,P005,12
CUST00257,P010,5
CUST00257,P006,8
CUST00257,P008,4
CUST00258,P005,5
CUST00258,P006,6
CUST00258,P001,9
CUST00258,P009,1
CUST00259,P007,11
CUST00259,P005,3
CUST00259,P010,10
CUST00260,P006,2
CUST00260,P002,10
CUST00261,P008,5
CUST00261,P010,7
CUST00261,P009,1
CUST00261,P002,2
CUST00261,P007,9
CUST00262,P009,4
CUST00262,P001,11
CUST00263,P005,5
CUST00264,P001,6
CUST00264,P005,1
CUST00264,P002,5
CUST00264,P009,3
CUST00264,P004,10
CUST00265,P008,4
CUST00265,P009,11
CUST00265,P010,6
CUST00266,P003,9
CUST00266,P004,4
CUST00267,P006,10
CUST00267,P007,6
CUST00267,P010,7
CUST00268,P006,1
CUST00268,P003,12
CUST00268,P008,6
CUST00269,P008,2
CUST00269,P009,4
CUST00269,P005,12
CUST00270,P007,6
CUST00271,P001,12
CUST00271,P006,6
CUST00271,P005,5
CUST00272,P001,11
CUST00272,P005,1
CUST00272,P009,1
CUST00273,P006,3
CUST00274,P005,10
CUST00275,P006,10
CUST00275,P002,8
CUST00276,P002,1
CUST00276,P004,1
CUST00276,P007,7
CUST00277,P005,6
CUST00277,P001,2
CUST00277,P006,3
CUST00278,P007,6
CUST00278,P004,11
CUST00278,P009,5
CUST00279,P005,6
CUST00280,P010,7
CUST00280,P005,7
CUST00281,P007,8
CUST00281,P005,5
CUST00281,P009,3
CUST00282,P006,12
CUST00282,P005,11
CUST00282,P008,5
CUST00283,P005,7
CUST00283,P003,7
CUST00283,P002,11
CUST00283,P007,7
CUST00284,P002,7
CUST00285,P003,6
CUST00285,P002,8
CUST00285,P010,10
CUST00286,P007,4
CUST00286,P001,6
CUST00287,P009,5
CUST00287,P004,11
CUST00288,P002,4
CUST00288,P008,2
CUST00288,P004,8
CUST00288,P001,2
CUST00289,P004,12
CUST00289,P010,5
CUST00290,P008,11
CUST00290,P003,8
CUST00290,P001,9
CUST00291,P007,5
CUST00291,P005,11
CUST00292,P007,9
CUST00292,P006,2
CUST00292,P002,2
CUST00292,P001,3
CUST00293,P003,3
CUST00293,P009,1
CUST00293,P001,4
CUST00294,P003,11
CUST00294,P007,2
CUST00294,P005,11
CUST00295,P004,6
CUST00295,P002,12
CUST00296,P004,12
CUST00296,P001,9
CUST00297,P008,1
CUST00298,P010,12
CUST00298,P005,12
CUST00298,P007,7
CUST00299,P010,7
CUST00299,P009,10
CUST00299,P007,2
CUST00300,P002,3
CUST00301,P007,1
CUST00302,P002,8
CUST00302,P001,2
CUST00303,P001,3
CUST00303,P003,12
CUST00303,P004,4
CUST00304,P005,10
CUST00304,P004,5
CUST00304,P001,1
CUST00305,P001,2
CUST00305,P009,3
CUST00306,P005,6
CUST00306,P010,7
CUST00307,P007,4
CUST00307,P006,8
CUST00308,P006,6
CUST00308,P009,11
CUST00309,P006,9
CUST00309,P003,7
CUST00310,P004,9
CUST00310,P008,1
CUST00310,P001,1
CUST00311,P008,9
CUST00312,P008,5
CUST00313,P008,11
CUST00313,P002,4
CUST00314,P002,5
CUST00314,P007,12
CUST00314,P008,12
CUST00315,P010,6
CUST00315,P006,2
CUST00315,P009,4
CUST00316,P002,1
CUST00316,P003,8
CUST00316,P004,8
CUST00316,P010,3
CUST00317,P006,7
CUST00317,P001,7
CUST00317,P009,9
CUST00317,P004,5
CUST00318,P007,12
CUST00318,P005,12
CUST00319,P008,9
CUST00319,P002,9
CUST00319,P001,12
CUST00320,P001,6
CUST00320,P008,11
CUST00321,P002,9
CUST00322,P007,7
CUST00322,P003,12
CUST00322,P006,6
CUST00323,P003,4
CUST00323,P005,3
CUST00323,P002,2
CUST00323,P007,4
CUST00324,P007,4
CUST00325,P009,2
CUST00325,P005,5
CUST00326,P005,6
CUST00326,P001,5
CUST00326,P004,1
CUST00327,P004,6
CUST00327,P007,10
CUST00327,P010,6
CUST00328,P004,2
CUST00328,P001,2
CUST00329,P005,4
CUST00329,P008,7
CUST00329,P006,5
CUST00330,P007,2
CUST00330,P001,2
CUST00330,P002,1
CUST00331,P005,11
CUST00332,P005,12
CUST00332,P006,10
CUST00333,P009,3
CUST00333,P001,6
CUST00334,P007,8
CUST00334,P005,8
CUST00335,P005,7
CUST00336,P005,6
CUST00336,P006,10
CUST00336,P010,1
CUST00337,P008,4
CUST00337,P009,7
CUST00338,P003,5
CUST00338,P005,9
CUST00338,P006,9
CUST00339,P008,6
CUST00340,P001,7
CUST00340,P003,5
CUST00340,P006,10
CUST00341,P006,12
CUST00341,P002,3
CUST00342,P001,6
CUST00342,P010,3
CUST00342,P005,12
CUST00343,P001,5
CUST00343,P005,3
CUST00344,P005,11
CUST00344,P009,8
CUST00345,P010,5
CUST00345,P005,4
CUST00345,P006,4
CUST00346,P001,5
CUST00346,P008,8
CUST00346,P003,9
CUST00347,P009,6
CUST00347,P005,3
CUST00347,P003,5
CUST00348,P008,3
CUST00348,P007,6
CUST00349,P005,7
CUST00349,P001,8
CUST00349,P009,1
CUST00350,P001,10
CUST00350,P003,7
CUST00351,P004,8
CUST00351,P005,10
CUST00352,P003,6
CUST00353,P005,12
CUST00354,P008,8
CUST00354,P001,8
CUST00354,P007,11
CUST00355,P001,9
CUST00355,P004,12
CUST00355,P005,2
CUST00356,P004,2
CUST00356,P007,4
CUST00356,P001,5
CUST00357,P010,12
CUST00357,P004,12
CUST00358,P010,6
CUST00358,P002,3
CUST00358,P001,4
CUST00359,P008,1
CUST00359,P001,9
CUST00360,P010,11
CUST00360,P005,1
CUST00360,P001,3
CUST00361,P004,10
CUST00361,P003,9
CUST00362,P003,12
CUST00362,P010,9
CUST00362,P001,9
CUST00363,P005,9
CUST00364,P002,4
CUST00364,P008,9
CUST00365,P002,7
CUST00365,P001,11
CUST00366,P006,2
CUST00366,P010,12
CUST00366,P007,4
CUST00366,P008,2
CUST00367,P005,3
CUST00367,P004,1
CUST00368,P007,9
CUST00368,P005,7
CUST00368,P003,2
CUST00369,P003,12
CUST00369,P004,3
CUST00369,P001,4
CUST00370,P006,5
CUST00370,P005,11
CUST00371,P001,5
CUST00371,P007,5
CUST00371,P002,5
CUST00372,P008,11
CUST00372,P002,12
CUST00372,P007,3
CUST00373,P003,8
CUST00373,P010,1
CUST00374,P009,7
CUST00375,P001,4
CUST00376,P006,1
CUST00376,P008,7
CUST00377,P009,7
CUST00377,P005,6
CUST00377,P002,11
CUST00377,P006,11
CUST00378,P005,1
CUST00378,P007,2
CUST00379,P001,1
CUST00380,P008,2
CUST00380,P010,3
CUST00381,P003,10
CUST00381,P001,6
CUST00381,P005,12
CUST00382,P004,1
CUST00383,P008,8
CUST00383,P007,12
CUST00384,P007,12
CUST00384,P006,9
CUST00385,P001,7
CUST00385,P010,11
CUST00386,P009,10
CUST00386,P005,4
CUST00386,P006,1
CUST00387,P005,4
CUST00387,P010,6
CUST00388,P008,11
CUST00388,P001,7
CUST00388,P003,7
CUST00389,P005,4
CUST00389,P008,4
CUST00389,P003,4
CUST00389,P006,6
CUST00390,P009,8
CUST00390,P004,7
CUST00390,P002,7
CUST00391,P004,10
CUST00391,P009,2
CUST00392,P006,2
CUST00392,P002,9
CUST00392,P007,8
CUST00392,P009,8
CUST00393,P006,3
CUST00393,P005,6
CUST00393,P008,9
CUST00394,P003,2
CUST00394,P009,8
CUST00394,P007,8
CUST00395,P009,9
CUST00395,P005,1
CUST00396,P009,8
CUST00396,P010,8
CUST00397,P009,5
CUST00397,P008,10
CUST00398,P006,12
CUST00398,P005,11
CUST00398,P008,1
CUST00398,P009,1
CUST00399,P006,12
CUST00399,P008,4
CUST00399,P005,4
CUST00400,P006,7
CUST00401,P010,11
CUST00401,P005,5
CUST00401,P007,8
CUST00402,P001,7
CUST00403,P002,4
CUST00403,P004,4
CUST00404,P009,11
CUST00404,P008,10
CUST00405,P002,3
CUST00405,P006,12
CUST00405,P010,4
CUST00406,P005,12
CUST00406,P001,5
CUST00407,P009,2
CUST00407,P008,12
CUST00408,P001,12
CUST00409,P008,10
CUST00409,P004,1
CUST00409,P001,8
CUST00410,P006,9
CUST00410,P005,1
CUST00411,P008,11
CUST00411,P006,5
CUST00412,P006,11
CUST00412,P002,1
CUST00412,P003,5
CUST00413,P005,12
CUST00413,P004,8
CUST00413,P002,5
CUST00414,P007,11
CUST00415,P008,4
CUST00415,P010,6
CUST00416,P010,2
CUST00416,P005,12
CUST00417,P008,5
CUST00417,P004,8
CUST00417,P002,12
CUST00418,P002,1
CUST00418,P005,2
CUST00418,P008,2
CUST00419,P005,1
CUST00419,P009,12
CUST00420,P001,5
CUST00420,P006,9
CUST00421,P003,11
CUST00421,P002,8
CUST00422,P005,7
CUST00423,P002,4
CUST00423,P008,7
CUST00424,P001,6
CUST00424,P010,7
CUST00425,P008,7
CUST00426,P001,3
CUST00426,P005,5
CUST00426,P009,1
CUST00427,P005,10
CUST00427,P009,2
CUST00428,P009,10
CUST00428,P001,2
CUST00428,P010,9
CUST00429,P004,10
CUST00429,P005,2
CUST00430,P005,12
CUST00430,P006,11
CUST00430,P008,6
CUST00431,P007,11
CUST00432,P003,8
CUST00432,P010,1
CUST00433,P002,12
CUST00433,P001,3
CUST00433,P003,7
CUST00434,P007,5
CUST00435,P008,11
CUST00435,P001,4
CUST00436,P007,4
CUST00436,P003,9
CUST00436,P002,7
CUST00436,P006,11
CUST00436,P009,12
CUST00437,P001,10
CUST00437,P006,6
CUST00438,P007,3
CUST00438,P008,1
CUST00439,P004,1
CUST00439,P010,6
CUST00439,P009,2
CUST00440,P005,7
CUST00441,P005,8
CUST00441,P008,6
CUST00441,P002,10
CUST00441,P001,1
CUST00442,P001,2
CUST00442,P004,3
CUST00443,P008,5
CUST00444,P005,6
CUST00444,P008,6
CUST00445,P005,5
CUST00445,P008,3
CUST00446,P005,5
CUST00446,P010,2
CUST00446,P001,12
CUST00447,P003,2
CUST00448,P008,4
CUST00449,P006,4
CUST00449,P010,6
CUST00450,P002,9
CUST00450,P008,2
CUST00451,P005,11
CUST00451,P007,4
CUST00452,P006,1
CUST00453,P005,8
CUST00453,P009,2
CUST00453,P010,6
CUST00453,P007,4
CUST00454,P003,12
CUST00454,P010,10
CUST00454,P002,1
CUST00455,P001,10
CUST00455,P006,5
CUST00455,P005,5
CUST00456,P005,5
CUST00456,P001,7
CUST00456,P002,7
CUST00456,P004,7
CUST00457,P002,2
CUST00457,P003,7
CUST00458,P008,2
CUST00458,P005,1
CUST00459,P002,6
CUST00459,P008,5
CUST00459,P007,4
CUST00460,P004,9
CUST00460,P008,10
CUST00460,P001,11
CUST00461,P001,6
CUST00461,P007,3
CUST00461,P005,5
CUST00461,P003,10
CUST00462,P010,7
CUST00462,P007,4
CUST00463,P009,6
CUST00463,P003,1
CUST00464,P010,4
CUST00465,P009,10
CUST00465,P003,11
CUST00465,P005,8
CUST00466,P004,5
CUST00466,P008,8
CUST00467,P008,10
CUST00467,P009,3
CUST00467,P007,3
CUST00467,P002,3
CUST00468,P006,10
CUST00468,P003,1
CUST00468,P001,9
CUST00469,P002,6
CUST00470,P006,3
CUST00471,P005,12
CUST00472,P006,9
CUST00473,P010,6
CUST00473,P001,9
CUST00474,P010,8
CUST00474,P008,4
CUST00474,P003,10
CUST00475,P001,1
CUST00475,P005,7
CUST00475,P009,1
CUST00475,P004,3
CUST00476,P008,1
CUST00476,P009,6
CUST00476,P005,6
CUST00477,P005,12
CUST00477,P008,1
CUST00478,P009,4
CUST00478,P001,12
CUST00479,P004,1
CUST00479,P009,8
CUST00480,P001,4
CUST00480,P008,11
CUST00481,P010,8
CUST00481,P007,7
CUST00482,P003,4
CUST00482,P008,6
CUST00483,P002,6
CUST00483,P005,3
CUST00483,P007,1
CUST00484,P005,10
CUST00484,P010,10
CUST00485,P010,1
CUST00486,P005,5
CUST00486,P010,8
CUST00487,P003,12
CUST00487,P002,2
CUST00487,P005,11
CUST00488,P010,8
CUST00488,P002,6
CUST00488,P007,10
CUST00489,P009,7
CUST00489,P005,10
CUST00489,P006,5
CUST00489,P001,7
CUST00490,P005,8
CUST00490,P010,7
CUST00490,P001,8
CUST00491,P007,2
CUST00491,P001,5
CUST00492,P001,1
CUST00492,P003,7
CUST00493,P008,2
CUST00493,P005,7
CUST00494,P010,8
CUST00495,P002,1
CUST00496,P002,5
CUST00496,P008,9
CUST00496,P003,12
CUST00497,P007,1
CUST00498,P005,2
CUST00499,P004,9
CUST00499,P009,8
CUST00499,P008,10
CUST00500,P005,9
CUST00500,P008,8
CUST00501,P003,9
CUST00501,P009,8
CUST00502,P008,9
CUST00502,P010,10
CUST00502,P005,4
CUST00503,P006,7
CUST00503,P009,2
CUST00504,P006,12
CUST00504,P004,4
CUST00504,P009,4
CUST00505,P006,1
CUST00505,P010,9
CUST00506,P001,12
CUST00506,P005,8
CUST00507,P006,1
CUST00507,P003,3
CUST00508,P005,3
CUST00508,P006,3
CUST00508,P004,10
CUST00509,P010,12
CUST00509,P006,4
CUST00510,P005,1
CUST00511,P001,1
CUST00512,P005,11
CUST00512,P010,6
CUST00512,P006,1
CUST00512,P003,10
CUST00513,P007,8
CUST00513,P003,7
CUST00513,P008,2
CUST00514,P006,9
CUST00515,P010,12
CUST00516,P002,6
CUST00517,P003,9
CUST00517,P006,10
CUST00517,P008,12
CUST00518,P010,2
CUST00518,P008,4
CUST00519,P009,2
CUST00519,P001,11
CUST00520,P002,2
CUST00521,P010,3
CUST00521,P009,6
CUST00521,P006,7
CUST00522,P004,4
CUST00522,P003,12
CUST00523,P008,2
CUST00523,P005,9
CUST00524,P005,2
CUST00524,P004,7
CUST00524,P006,6
CUST00525,P001,2
CUST00525,P006,3
CUST00525,P008,10
CUST00526,P007,3
CUST00527,P008,8
CUST00527,P002,7
CUST00528,P004,12
CUST00528,P007,11
CUST00528,P008,11
CUST00529,P003,2
CUST00529,P007,6
CUST00530,P005,3
CUST00530,P006,5
CUST00530,P002,9
CUST00530,P008,11
CUST00531,P009,7
CUST00531,P006,7
CUST00531,P010,4
CUST00532,P005,12
CUST00532,P006,7
CUST00532,P009,5
CUST00532,P010,7
CUST00533,P010,10
CUST00534,P005,4
CUST00534,P002,4
CUST00534,P007,7
CUST00534,P010,11
CUST00535,P010,10
CUST00535,P003,5
CUST00536,P004,4
CUST00536,P005,7
CUST00537,P003,10
CUST00537,P005,6
CUST00537,P008,10
CUST00538,P007,7
CUST00538,P008,5
CUST00538,P006,1
CUST00539,P003,5
CUST00539,P007,1
CUST00539,P006,6
CUST00540,P010,8
CUST00540,P008,3
CUST00541,P003,10
CUST00541,P005,5
CUST00541,P002,3
CUST00541,P007,5
CUST00542,P005,4
CUST00543,P001,10
CUST00543,P007,2
CUST00543,P006,10
CUST00543,P004,2
CUST00543,P005,9
CUST00544,P005,7
CUST00545,P007,3
CUST00545,P006,6
CUST00546,P003,9
CUST00547,P007,11
CUST00547,P008,3
CUST00547,P009,8
CUST00548,P008,1
CUST00548,P007,8
CUST00549,P001,7
CUST00550,P006,8
CUST00550,P005,3
CUST00551,P001,5
CUST00551,P005,9
CUST00552,P005,10
CUST00553,P001,12
CUST00553,P007,5
CUST00554,P008,7
CUST00554,P009,5
CUST00555,P006,8
CUST00555,P008,1
CUST00556,P008,8
CUST00556,P002,10
CUST00556,P005,12
CUST00557,P002,1
CUST00558,P008,3
CUST00558,P009,7
CUST00558,P005,8
CUST00558,P002,11
CUST00558,P004,6
CUST00559,P008,10
CUST00559,P007,8
CUST00560,P001,5
CUST00560,P007,4
CUST00561,P008,6
CUST00562,P008,3
CUST00562,P002,7
CUST00563,P002,11
CUST00563,P004,6
CUST00563,P008,11
CUST00564,P005,12
CUST00564,P006,10
CUST00565,P009,9
CUST00565,P008,4
CUST00566,P003,11
CUST00566,P008,10
CUST00567,P008,11
CUST00567,P003,2
CUST00568,P001,7
CUST00568,P007,10
CUST00568,P006,10
CUST00569,P009,9
CUST00569,P001,5
CUST00569,P006,4
CUST00569,P010,12
CUST00570,P008,12
CUST00570,P009,10
CUST00570,P006,2
CUST00571,P003,7
CUST00571,P005,2
CUST00572,P009,5
CUST00572,P006,11
CUST00572,P010,11
CUST00573,P007,1
CUST00573,P006,10
CUST00573,P004,8
CUST00574,P004,9
CUST00574,P001,1
CUST00575,P001,5
CUST00576,P008,4
CUST00576,P005,3
CUST00576,P004,5
CUST00577,P007,12
CUST00578,P010,4
CUST00579,P002,6
CUST00579,P006,6
CUST00579,P005,11
CUST00579,P001,2
CUST00580,P008,7
CUST00581,P001,6
CUST00582,P003,1
CUST00582,P005,3
CUST00582,P006,11
CUST00583,P002,5
CUST00583,P001,7
CUST00583,P008,1
CUST00584,P008,11
CUST00585,P004,10
CUST00586,P001,7
CUST00586,P007,11
CUST00586,P008,8
CUST00587,P001,7
CUST00587,P005,4
CUST00587,P008,1
CUST00587,P007,5
CUST00588,P002,6
CUST00588,P010,11
CUST00588,P004,10
CUST00589,P006,1
CUST00590,P008,12
CUST00591,P001,4
CUST00592,P001,7
CUST00593,P001,2
CUST00593,P007,11
CUST00593,P005,3
CUST00593,P003,12
CUST00594,P005,3
CUST00594,P009,8
CUST00594,P010,1
CUST00595,P001,7
CUST00595,P005,12
CUST00595,P006,1
CUST00595,P010,3
CUST00596,P002,6
CUST00597,P006,6
CUST00597,P005,8
CUST00597,P003,5
CUST00598,P001,8
CUST00598,P008,5
CUST00599,P006,9
CUST00599,P008,1
CUST00599,P005,1
CUST00599,P001,10
CUST00600,P005,2
CUST00600,P006,2
CUST00600,P009,4
CUST00600,P007,8
CUST00601,P006,2
CUST00601,P005,1
CUST00602,P005,8
CUST00602,P004,3
CUST00603,P007,2
CUST00604,P010,2
CUST00604,P004,4
CUST00605,P008,5
CUST00605,P001,7
CUST00606,P001,7
CUST00606,P009,5
CUST00607,P008,9
CUST00607,P007,10
CUST00607,P004,10
CUST00607,P005,9
CUST00608,P006,3
CUST00608,P005,11
CUST00609,P005,6
CUST00609,P008,5
CUST00610,P009,4
CUST00610,P005,3
CUST00611,P001,1
CUST00611,P003,9
CUST00612,P007,8
CUST00612,P005,11
CUST00612,P002,5
CUST00612,P003,6
CUST00613,P007,6
CUST00614,P007,9
CUST00615,P004,3
CUST00615,P002,5
CUST00616,P007,4
CUST00616,P002,6
CUST00617,P007,11
CUST00617,P002,7
CUST00618,P010,9
CUST00618,P009,5
CUST00618,P005,8
CUST00619,P004,7
CUST00619,P008,3
CUST00619,P003,7
CUST00620,P005,12
CUST00620,P009,5
CUST00621,P007,2
CUST00621,P001,3
CUST00621,P002,4
CUST00621,P008,7
CUST00622,P009,6
CUST00622,P005,7
CUST00623,P001,3
CUST00623,P006,1
CUST00623,P009,4
CUST00623,P005,1
CUST00624,P006,9
CUST00624,P008,7
CUST00624,P002,2
CUST00625,P009,9
CUST00625,P002,10
CUST00625,P010,8
CUST00625,P007,9
CUST00626,P008,9
CUST00626,P004,3
CUST00626,P010,7
CUST00627,P003,10
CUST00627,P010,2
CUST00627,P005,11
CUST00628,P006,11
CUST00628,P003,12
CUST00629,P008,7
CUST00630,P004,1
CUST00631,P004,5
CUST00631,P003,4
CUST00631,P009,2
CUST00632,P009,4
CUST00632,P005,9
CUST00633,P008,9
CUST00633,P003,2
CUST00633,P005,6
CUST00634,P005,12
CUST00634,P009,12
CUST00634,P003,12
CUST00634,P010,7
CUST00634,P001,11
CUST00635,P002,4
CUST00635,P008,8
CUST00636,P002,12
CUST00636,P005,8
CUST00636,P006,5
CUST00637,P008,8
CUST00638,P001,8
CUST00638,P003,4
CUST00638,P010,7
CUST00638,P008,12
CUST00639,P008,3
CUST00639,P004,2
CUST00639,P007,12
CUST00640,P006,4
CUST00640,P004,11
CUST00641,P009,9
CUST00641,P010,8
CUST00642,P001,4
CUST00642,P005,6
CUST00642,P006,5
CUST00643,P007,1
CUST00643,P005,1
CUST00643,P009,10
CUST00643,P010,3
CUST00644,P006,4
CUST00644,P008,9
CUST00645,P007,7
CUST00645,P009,10
CUST00646,P010,7
CUST00646,P006,4
CUST00647,P007,10
CUST00647,P008,8
CUST00647,P002,2
CUST00648,P006,6
CUST00648,P010,7
CUST00649,P009,8
CUST00650,P002,10
CUST00650,P003,9
CUST00650,P001,7
CUST00650,P008,1
CUST00651,P008,6
CUST00651,P003,10
CUST00651,P005,6
CUST00652,P001,4
CUST00652,P009,9
CUST00653,P007,5
CUST00653,P001,10
CUST00654,P001,8
CUST00654,P006,9
CUST00654,P005,8
CUST00654,P009,6
CUST00655,P006,12
CUST00655,P005,6
CUST00656,P006,8
CUST00657,P006,6
CUST00658,P009,6
CUST00659,P005,12
CUST00659,P003,6
CUST00659,P004,1
CUST00660,P010,3
CUST00660,P007,3
CUST00661,P001,6
CUST00661,P006,1
CUST00662,P005,6
CUST00662,P006,11
CUST00663,P010,10
CUST00664,P008,10
CUST00664,P007,6
CUST00665,P002,1
CUST00665,P009,12
CUST00666,P001,1
CUST00666,P008,4
CUST00666,P005,8
CUST00667,P001,2
CUST00667,P003,9
CUST00667,P007,11
CUST00668,P009,2
CUST00668,P003,12
CUST00668,P007,1
CUST00669,P001,8
CUST00669,P008,5
CUST00670,P005,11
CUST00670,P002,7
CUST00670,P007,4
CUST00671,P010,11
CUST00672,P002,12
CUST00673,P001,4
CUST00673,P009,9
CUST00674,P002,6
CUST00674,P005,3
CUST00674,P006,3
CUST00675,P008,12
CUST00676,P006,10
CUST00676,P008,3
CUST00676,P010,7
CUST00676,P003,11
CUST00677,P007,10
CUST00677,P005,4
CUST00677,P008,5
CUST00677,P001,4
CUST00678,P010,3
CUST00678,P009,1
CUST00678,P006,6
CUST00679,P010,7
CUST00679,P009,10
CUST00680,P008,8
CUST00681,P008,8
CUST00681,P005,6
CUST00681,P002,6
CUST00681,P006,1
CUST00682,P007,11
CUST00682,P006,4
CUST00682,P009,5
CUST00683,P005,5
CUST00684,P006,2
CUST00684,P002,9
CUST00685,P010,9
CUST00685,P007,10
CUST00685,P008,10
CUST00685,P005,4
CUST00686,P007,3
CUST00686,P002,2
CUST00687,P006,1
CUST00687,P007,10
CUST00687,P001,8
CUST00688,P009,9
CUST00688,P004,6
CUST00688,P003,8
CUST00689,P006,3
CUST00689,P004,2
CUST00690,P005,2
CUST00691,P006,5
CUST00691,P009,4
CUST00692,P003,4
CUST00693,P007,11
CUST00694,P003,12
CUST00694,P005,2
CUST00695,P003,6
CUST00695,P007,10
CUST00696,P006,9
CUST00696,P010,2
CUST00696,P002,1
CUST00697,P007,2
CUST00697,P009,6
CUST00698,P009,6
CUST00698,P001,11
CUST00698,P008,12
CUST00699,P008,5
CUST00699,P006,2
CUST00700,P002,12
CUST00700,P009,3
CUST00701,P007,12
CUST00701,P002,12
CUST00701,P006,4
CUST00702,P005,2
CUST00702,P006,1
CUST00703,P004,4
CUST00703,P009,5
CUST00703,P003,1
CUST00704,P009,2
CUST00705,P005,9
CUST00705,P007,3
CUST00706,P005,5
CUST00707,P008,2
CUST00707,P009,10
CUST00707,P005,9
CUST00708,P004,1
CUST00708,P009,11
CUST00708,P005,8
CUST00708,P006,2
CUST00709,P008,2
CUST00709,P005,10
CUST00710,P005,8
CUST00710,P001,8
CUST00711,P008,10
CUST00711,P005,5
CUST00712,P001,2
CUST00712,P003,7
CUST00712,P006,6
CUST00713,P001,4
CUST00714,P007,3
CUST00715,P005,5
CUST00716,P007,4
CUST00716,P006,9
CUST00717,P006,11
CUST00718,P005,5
CUST00718,P007,9
CUST00719,P006,8
CUST00719,P002,3
CUST00720,P002,3
CUST00720,P007,6
CUST00720,P010,3
CUST00720,P005,9
CUST00721,P002,5
CUST00721,P003,7
CUST00722,P005,2
CUST00722,P009,8
CUST00723,P007,2
CUST00724,P005,2
CUST00724,P001,2
CUST00725,P009,12
CUST00725,P004,6
CUST00726,P010,5
CUST00726,P008,7
CUST00727,P005,2
CUST00728,P010,10
CUST00728,P001,6
CUST00728,P009,10
CUST00729,P007,4
CUST00729,P001,3
CUST00730,P004,9
CUST00731,P005,10
CUST00732,P004,5
CUST00732,P009,6
CUST00732,P006,7
CUST00733,P005,2
CUST00734,P009,10
CUST00734,P005,11
CUST00735,P003,5
CUST00735,P009,1
CUST00735,P005,12
CUST00736,P004,7
CUST00736,P009,5
CUST00737,P008,12
CUST00738,P006,5
CUST00738,P007,10
CUST00738,P008,12
CUST00739,P006,2
CUST00740,P005,6
CUST00741,P001,7
CUST00741,P009,12
CUST00741,P005,11
CUST00742,P001,6
CUST00742,P010,4
CUST00743,P003,2
CUST00744,P010,4
CUST00744,P002,2
CUST00745,P001,7
CUST00745,P009,1
CUST00745,P008,9
CUST00745,P010,4
CUST00746,P006,4
CUST00747,P002,1
CUST00747,P008,8
CUST00748,P009,5
CUST00748,P002,3
CUST00748,P006,2
CUST00749,P010,8
CUST00750,P004,12
CUST00750,P001,1
CUST00750,P006,4
CUST00751,P004,1
CUST00751,P002,11
CUST00751,P001,10
CUST00752,P007,8
CUST00752,P005,10
CUST00753,P001,8
CUST00753,P010,6
CUST00754,P001,10
CUST00754,P009,11
CUST00754,P006,10
CUST00754,P007,5
CUST00755,P001,12
CUST00755,P005,12
CUST00755,P006,2
CUST00756,P005,8
CUST00756,P006,12
CUST00757,P010,1
CUST00758,P005,10
CUST00758,P010,7
CUST00758,P002,11
CUST00759,P002,9
CUST00759,P001,5
CUST00759,P008,8
CUST00759,P005,5
CUST00760,P001,1
CUST00760,P002,2
CUST00761,P006,9
CUST00761,P004,3
CUST00761,P008,10
CUST00762,P008,5
CUST00762,P001,2
CUST00762,P006,7
CUST00763,P001,8
CUST00764,P005,10
CUST00764,P001,2
CUST00765,P009,1
CUST00766,P005,11
CUST00766,P009,5
CUST00767,P005,2
CUST00767,P006,7
CUST00767,P007,6
CUST00768,P009,4
CUST00768,P006,9
CUST00768,P003,1
CUST00769,P005,11
CUST00770,P005,10
CUST00770,P002,1
CUST00771,P002,5
CUST00771,P010,9
CUST00772,P005,3
CUST00773,P002,10
CUST00774,P009,2
CUST00774,P003,11
CUST00775,P002,5
CUST00776,P009,6
CUST00776,P007,4
CUST00777,P008,11
CUST00777,P001,2
CUST00778,P007,2
CUST00778,P008,12
CUST00778,P004,1
CUST00778,P003,3
CUST00779,P005,7
CUST00779,P001,5
CUST00780,P010,6
CUST00780,P009,5
CUST00781,P001,1
CUST00781,P007,4
CUST00782,P002,6
CUST00782,P001,10
CUST00782,P007,8
CUST00782,P010,6
CUST00783,P008,7
CUST00784,P008,1
CUST00784,P002,5
CUST00785,P003,12
CUST00785,P007,2
CUST00785,P008,12
CUST00785,P009,4
CUST00786,P010,12
CUST00786,P007,9
CUST00786,P001,10
CUST00787,P003,2
CUST00787,P005,3
CUST00787,P007,9
CUST00787,P010,6
CUST00788,P003,4
CUST00788,P004,9
CUST00788,P010,4
CUST00789,P003,12
CUST00789,P005,11
CUST00789,P002,3
CUST00790,P005,1
CUST00790,P001,1
CUST00790,P009,1
CUST00791,P010,3
CUST00791,P008,8
CUST00792,P001,1
CUST00792,P007,2
CUST00793,P003,5
CUST00794,P006,9
CUST00794,P007,7
CUST00795,P002,7
CUST00795,P005,11
CUST00796,P004,8
CUST00797,P006,11
CUST00797,P005,5
CUST00798,P003,7
CUST00798,P010,8
CUST00799,P009,12
CUST00799,P003,11
CUST00800,P007,1
CUST00801,P006,11
CUST00801,P003,8
CUST00801,P009,6
CUST00802,P001,6
CUST00803,P001,12
CUST00803,P003,1
CUST00803,P010,6
CUST00804,P001,1
CUST00804,P006,11
CUST00805,P009,11
CUST00805,P008,10
CUST00805,P001,2
CUST00806,P003,5
CUST00806,P008,8
CUST00807,P006,2
CUST00807,P005,9
CUST00808,P010,11
CUST00808,P003,6
CUST00809,P001,1
CUST00810,P007,5
CUST00810,P008,5
CUST00811,P004,10
CUST00811,P002,6
CUST00811,P005,5
CUST00811,P008,5
CUST00812,P008,10
CUST00813,P002,2
CUST00813,P007,3
CUST00813,P003,8
CUST00814,P008,11
CUST00814,P005,5
CUST00814,P010,11
CUST00815,P005,2
CUST00815,P008,7
CUST00815,P001,4
CUST00815,P010,1
CUST00816,P006,3
CUST00816,P001,5
CUST00816,P002,9
CUST00816,P010,5
CUST00817,P007,11
CUST00818,P009,12
CUST00818,P001,1
CUST00819,P007,2
CUST00819,P006,12
CUST00820,P005,10
CUST00820,P008,6
CUST00820,P007,1
CUST00821,P008,3
CUST00821,P002,8
CUST00822,P008,7
CUST00822,P006,9
CUST00823,P009,3
CUST00823,P003,5
CUST00823,P008,12
CUST00824,P005,5
CUST00825,P003,10
CUST00825,P009,9
CUST00826,P008,6
CUST00827,P005,8
CUST00827,P007,10
CUST00828,P001,9
CUST00828,P010,12
CUST00829,P008,6
CUST00829,P009,9
CUST00829,P003,10
CUST00830,P005,11
CUST00831,P010,2
CUST00832,P002,7
CUST00832,P005,1
CUST00832,P004,3
CUST00833,P005,9
CUST00833,P001,1
CUST00833,P002,6
CUST00834,P008,2
CUST00834,P001,5
CUST00835,P003,6
CUST00835,P005,11
CUST00836,P002,6
CUST00836,P009,4
CUST00837,P008,8
CUST00837,P002,1
CUST00838,P005,9
CUST00838,P009,1
CUST00838,P006,8
CUST00839,P009,8
CUST00839,P010,11
CUST00839,P007,2
CUST00839,P006,8
CUST00840,P006,1
CUST00841,P005,12
CUST00842,P006,9
CUST00842,P001,3
CUST00842,P009,4
CUST00842,P004,3
CUST00843,P005,8
CUST00843,P007,3
CUST00844,P004,4
CUST00844,P006,1
CUST00845,P001,8
CUST00846,P005,3
CUST00846,P003,11
CUST00847,P010,12
CUST00847,P007,2
CUST00848,P008,10
CUST00848,P005,3
CUST00849,P001,11
CUST00849,P002,12
CUST00849,P005,5
CUST00849,P006,4
CUST00850,P010,6
CUST00851,P004,11
CUST00852,P001,5
CUST00852,P006,4
CUST00852,P004,7
CUST00853,P003,4
CUST00853,P005,6
CUST00853,P002,1
CUST00854,P004,2
CUST00854,P003,10
CUST00855,P005,6
CUST00856,P007,11
CUST00856,P005,9
CUST00856,P006,11
CUST00857,P006,10
CUST00857,P001,8
CUST00858,P005,9
CUST00859,P001,9
CUST00859,P009,3
CUST00859,P004,3
CUST00860,P007,5
CUST00860,P006,2
CUST00861,P009,5
CUST00861,P004,8
CUST00861,P010,5
CUST00861,P001,8
CUST00862,P001,3
CUST00862,P005,9
CUST00863,P009,9
CUST00863,P002,7
CUST00863,P005,4
CUST00863,P001,4
CUST00864,P009,7
CUST00864,P002,7
CUST00865,P005,7
CUST00865,P009,1
CUST00865,P001,10
CUST00866,P010,1
CUST00866,P001,12
CUST00866,P007,6
CUST00866,P005,7
CUST00867,P004,2
CUST00868,P008,6
CUST00868,P009,9
CUST00868,P001,12
CUST00868,P010,3
CUST00869,P003,3
CUST00870,P003,8
CUST00871,P010,3
CUST00871,P006,11
CUST00872,P007,6
CUST00872,P008,6
CUST00873,P007,11
CUST00874,P005,10
CUST00874,P008,4
CUST00875,P005,7
CUST00876,P008,7
CUST00876,P005,4
CUST00876,P007,10
CUST00877,P003,3
CUST00877,P006,10
CUST00877,P005,9
CUST00878,P010,12
CUST00878,P004,4
CUST00879,P002,9
CUST00879,P008,7
CUST00880,P009,10
CUST00881,P008,11
CUST00881,P002,7
CUST00882,P009,10
CUST00883,P005,7
CUST00883,P002,1
CUST00884,P002,11
CUST00885,P006,9
CUST00885,P003,8
CUST00885,P010,2
CUST00885,P001,2
CUST00886,P001,3
CUST00886,P008,7
CUST00886,P004,6
CUST00887,P005,1
CUST00888,P008,10
CUST00888,P001,5
CUST00888,P006,11
CUST00889,P001,2
CUST00889,P005,8
CUST00890,P007,12
CUST00890,P008,9
CUST00891,P006,8
CUST00891,P005,7
CUST00892,P003,10
CUST00892,P001,10
CUST00893,P003,5
CUST00894,P007,8
CUST00894,P010,8
CUST00894,P009,6
CUST00894,P006,7
CUST00895,P003,9
CUST00895,P002,1
CUST00896,P010,1
CUST00896,P007,4
CUST00897,P005,4
CUST00897,P004,7
CUST00898,P010,4
CUST00898,P001,2
CUST00899,P002,2
CUST00899,P004,7
CUST00900,P001,3
CUST00900,P008,5
CUST00901,P005,3
CUST00901,P001,9
CUST00902,P007,6
CUST00902,P008,9
CUST00903,P008,12
CUST00904,P010,5
CUST00905,P008,11
CUST00905,P006,11
CUST00905,P009,4
CUST00905,P007,5
CUST00906,P010,10
CUST00906,P007,8
CUST00906,P004,9
CUST00907,P009,7
CUST00907,P005,12
CUST00907,P008,7
CUST00907,P007,4
CUST00908,P006,4
CUST00908,P009,7
CUST00909,P001,1
CUST00909,P005,2
CUST00910,P006,2
CUST00910,P001,8
CUST00911,P009,12
CUST00911,P006,9
CUST00911,P007,4
CUST00912,P005,9
CUST00912,P001,10
CUST00913,P007,10
CUST00913,P001,10
CUST00913,P004,5
CUST00914,P001,3
CUST00915,P001,7
CUST00915,P006,12
CUST00915,P004,7
CUST00916,P009,2
CUST00916,P005,11
CUST00916,P008,9
CUST00916,P006,4
CUST00917,P005,10
CUST00918,P005,10
CUST00919,P005,6
CUST00919,P010,11
CUST00919,P009,7
CUST00919,P003,12
CUST00920,P002,9
CUST00921,P001,9
CUST00921,P010,7
CUST00921,P005,2
CUST00922,P002,9
CUST00922,P009,3
CUST00922,P005,3
CUST00922,P001,8
CUST00923,P010,10
CUST00924,P002,5
CUST00924,P007,12
CUST00925,P002,2
CUST00926,P001,5
CUST00926,P007,11
CUST00927,P007,5
CUST00927,P001,12
CUST00927,P003,6
CUST00928,P001,9
CUST00929,P007,3
CUST00930,P005,1
CUST00930,P008,3
CUST00930,P009,9
CUST00931,P009,1
CUST00931,P010,11
CUST00931,P001,9
CUST00932,P004,12
CUST00932,P002,1
CUST00932,P005,11
CUST00932,P009,3
CUST00933,P009,12
CUST00933,P001,11
CUST00933,P008,12
CUST00934,P004,3
CUST00934,P002,12
CUST00935,P005,1
CUST00935,P006,11
CUST00935,P010,1
CUST00936,P003,5
CUST00936,P008,7
CUST00936,P004,6
CUST00937,P005,8
CUST00937,P007,8
CUST00937,P008,3
CUST00938,P001,9
CUST00939,P002,6
CUST00939,P005,7
CUST00940,P001,9
CUST00940,P008,8
CUST00940,P007,2
CUST00941,P007,9
CUST00942,P005,4
CUST00942,P001,6
CUST00942,P010,12
CUST00943,P003,6
CUST00943,P002,11
CUST00943,P004,7
CUST00944,P009,1
CUST00945,P005,6
CUST00945,P008,2
CUST00946,P006,7
CUST00946,P009,12
CUST00947,P007,11
CUST00947,P002,5
CUST00948,P002,1
CUST00948,P001,4
CUST00949,P001,7
CUST00949,P005,7
CUST00949,P006,8
CUST00949,P003,8
CUST00950,P006,12
CUST00951,P007,11
CUST00951,P010,10
CUST00952,P008,3
CUST00952,P005,12
CUST00953,P001,8
CUST00953,P005,9
CUST00953,P004,9
CUST00954,P008,6
CUST00954,P004,12
CUST00955,P007,12
CUST00955,P005,7
CUST00956,P005,5
CUST00956,P009,10
CUST00957,P003,6
CUST00958,P003,5
CUST00958,P008,9
CUST00958,P007,6
CUST00959,P009,5
CUST00960,P001,12
CUST00961,P005,7
CUST00961,P003,6
CUST00961,P010,10
CUST00961,P002,10
CUST00962,P002,4
CUST00963,P005,10
CUST00963,P008,2
CUST00963,P001,10
CUST00963,P009,2
CUST00964,P003,10
CUST00964,P006,1
CUST00964,P001,11
CUST00965,P008,11
CUST00965,P002,6
CUST00966,P010,3
CUST00966,P005,3
CUST00967,P009,5
CUST00968,P001,2
CUST00968,P005,8
CUST00969,P001,4
CUST00969,P007,1
CUST00969,P010,11
CUST00969,P005,10
CUST00970,P010,8
CUST00970,P005,10
CUST00970,P007,2
CUST00971,P005,8
CUST00971,P002,7
CUST00971,P010,5
CUST00972,P001,5
CUST00972,P005,8
CUST00972,P003,4
CUST00973,P005,5
CUST00973,P009,9
CUST00973,P010,2
CUST00974,P004,7
CUST00974,P008,6
CUST00975,P004,5
CUST00975,P008,10
CUST00975,P006,10
CUST00976,P008,7
CUST00976,P009,3
CUST00977,P010,8
CUST00977,P002,1
CUST00978,P003,10
CUST00978,P002,9
CUST00979,P002,6
CUST00979,P005,11
CUST00980,P010,7
CUST00981,P006,2
CUST00981,P008,4
CUST00982,P008,7
CUST00982,P005,12
CUST00983,P007,1
CUST00983,P002,11
CUST00984,P010,8
CUST00984,P007,3
CUST00984,P003,2
CUST00985,P008,11
CUST00985,P006,5
CUST00986,P004,4
CUST00986,P006,7
CUST00987,P006,7
CUST00987,P003,10
CUST00987,P010,7
CUST00988,P004,3
CUST00989,P001,8
CUST00989,P007,4
CUST00989,P004,6
CUST00989,P008,11
CUST00989,P006,3
CUST00990,P010,7
CUST00991,P003,9
CUST00991,P007,12
CUST00991,P005,12
CUST00992,P004,4
CUST00993,P005,8
CUST00994,P007,2
CUST00994,P009,5
CUST00994,P006,7
CUST00995,P006,11
CUST00995,P008,10
CUST00996,P006,1
CUST00996,P008,4
CUST00997,P005,1
CUST00998,P004,11
CUST00998,P010,11
CUST00999,P009,3
CUST01000,P002,3
CUST01000,P009,6
